cpu_socket,mb_socket,ram_type,mb_ram_type,cpu_tdp_w,gpu_tdp_w,psu_wattage,gpu_length_mm,case_form_factor,mb_form_factor,compatible
AM4,AM4,DDR5,DDR4,74,336,550,196,Micro-ATX,Mini-ITX,0
LGA1700,LGA1200,DDR4,DDR4,153,243,750,246,ATX,Mini-ITX,0
LGA1200,LGA1700,DDR5,DDR5,111,109,750,339,ATX,Mini-ITX,0
LGA1200,LGA1200,DDR5,DDR4,102,100,1000,260,Mini-ITX,Mini-ITX,0
LGA1200,LGA1200,DDR4,DDR4,117,91,750,207,Mini-ITX,Mini-ITX,1
LGA1200,LGA1700,DDR4,DDR4,99,103,650,323,ATX,Micro-ATX,0
AM4,AM4,DDR4,DDR4,124,326,1000,258,ATX,Mini-ITX,1
LGA1700,LGA1700,DDR4,DDR5,149,390,650,341,ATX,ATX,0
LGA1700,LGA1700,DDR5,DDR5,85,373,850,320,Micro-ATX,Micro-ATX,1
LGA1700,LGA1700,DDR4,DDR4,68,127,550,200,Micro-ATX,Mini-ITX,1
LGA1700,LGA1700,DDR5,DDR4,131,287,750,196,Micro-ATX,Mini-ITX,0
AM5,AM5,DDR5,DDR5,168,155,550,253,Mini-ITX,Mini-ITX,0
AM4,AM4,DDR4,DDR4,89,419,550,258,Micro-ATX,ATX,0
LGA1700,LGA1200,DDR4,DDR4,134,231,850,237,ATX,Micro-ATX,0
AM4,AM4,DDR4,DDR4,138,248,850,209,Mini-ITX,Micro-ATX,0
LGA1200,LGA1200,DDR4,DDR4,80,137,650,222,ATX,Mini-ITX,1
LGA1700,LGA1700,DDR5,DDR5,74,202,1000,245,Mini-ITX,Micro-ATX,0
LGA1700,LGA1700,DDR5,DDR5,92,343,850,260,Mini-ITX,ATX,0
AM4,AM4,DDR4,DDR4,138,150,850,235,Mini-ITX,Micro-ATX,0
LGA1700,AM4,DDR4,DDR4,140,323,650,235,Micro-ATX,ATX,0
LGA1700,LGA1700,DDR5,DDR5,73,370,450,212,Micro-ATX,ATX,0
AM5,AM5,DDR5,DDR5,83,295,850,210,ATX,Mini-ITX,1
LGA1200,LGA1200,DDR4,DDR4,126,185,450,207,Mini-ITX,Micro-ATX,0
AM5,AM4,DDR4,DDR4,73,326,650,259,Mini-ITX,ATX,0
LGA1700,LGA1700,DDR5,DDR5,93,279,750,332,Micro-ATX,ATX,0
AM4,AM4,DDR4,DDR4,159,188,750,236,ATX,Micro-ATX,1
LGA1700,LGA1700,DDR4,DDR4,134,427,850,237,ATX,Micro-ATX,1
LGA1200,LGA1200,DDR4,DDR4,79,283,750,246,ATX,Mini-ITX,1
AM5,AM5,DDR5,DDR5,131,184,750,272,Mini-ITX,ATX,0
LGA1200,LGA1200,DDR4,DDR4,163,187,650,354,Mini-ITX,ATX,0
LGA1200,LGA1200,DDR5,DDR4,77,269,650,236,ATX,Mini-ITX,0
AM5,AM5,DDR5,DDR5,134,351,850,248,ATX,ATX,1
LGA1200,LGA1200,DDR4,DDR4,72,386,1000,207,Mini-ITX,ATX,0
AM5,LGA1700,DDR4,DDR4,85,449,850,237,Mini-ITX,Micro-ATX,0
LGA1700,LGA1700,DDR5,DDR5,66,179,450,183,Mini-ITX,Mini-ITX,1
AM4,AM4,DDR4,DDR4,145,292,650,215,Mini-ITX,Mini-ITX,1
AM4,LGA1700,DDR5,DDR5,78,287,1000,194,Micro-ATX,Mini-ITX,0
AM5,AM5,DDR5,DDR5,97,433,750,231,Mini-ITX,Mini-ITX,1
AM5,AM5,DDR5,DDR5,67,390,450,310,ATX,Mini-ITX,0
AM5,AM4,DDR5,DDR4,142,376,650,264,Micro-ATX,Mini-ITX,0
LGA1200,LGA1200,DDR4,DDR4,91,373,650,221,Micro-ATX,Micro-ATX,1
LGA1200,LGA1700,DDR5,DDR5,128,119,650,346,Micro-ATX,ATX,0
LGA1700,AM5,DDR5,DDR5,112,175,550,359,Mini-ITX,Mini-ITX,0
LGA1200,LGA1200,DDR4,DDR4,114,297,650,206,ATX,Mini-ITX,1
AM5,AM5,DDR4,DDR5,127,137,450,231,Micro-ATX,ATX,0
AM5,AM5,DDR5,DDR5,77,148,550,329,ATX,Micro-ATX,1
LGA1700,LGA1700,DDR5,DDR5,106,444,750,312,Mini-ITX,Mini-ITX,0
LGA1200,LGA1200,DDR4,DDR4,158,163,550,224,Micro-ATX,Micro-ATX,1
LGA1200,LGA1200,DDR4,DDR4,108,422,750,340,ATX,ATX,1
LGA1200,LGA1200,DDR5,DDR4,75,388,1000,324,Mini-ITX,ATX,0
LGA1200,LGA1700,DDR5,DDR5,129,367,850,204,Mini-ITX,Micro-ATX,0
AM5,LGA1700,DDR5,DDR5,113,332,750,224,ATX,ATX,0
AM4,AM4,DDR4,DDR4,128,162,650,246,Micro-ATX,Micro-ATX,1
LGA1700,LGA1700,DDR4,DDR4,89,186,850,350,Mini-ITX,Mini-ITX,0
LGA1200,LGA1200,DDR4,DDR4,115,435,1000,268,Micro-ATX,ATX,0
LGA1200,LGA1200,DDR4,DDR4,72,183,550,312,ATX,ATX,1
LGA1700,LGA1700,DDR5,DDR5,78,313,450,291,Mini-ITX,Micro-ATX,0
AM4,LGA1700,DDR4,DDR4,149,227,750,260,Mini-ITX,Mini-ITX,0
LGA1200,AM4,DDR4,DDR4,91,93,450,273,Micro-ATX,ATX,0
AM4,AM4,DDR4,DDR4,114,249,850,274,Mini-ITX,Mini-ITX,0
LGA1200,LGA1200,DDR4,DDR4,148,127,1000,332,ATX,Mini-ITX,1
AM4,AM4,DDR4,DDR4,141,231,1000,319,ATX,Mini-ITX,1
LGA1700,AM5,DDR5,DDR5,93,373,650,275,ATX,ATX,0
AM4,AM4,DDR5,DDR4,110,351,650,203,Mini-ITX,ATX,0
LGA1700,AM5,DDR5,DDR5,146,127,650,297,Mini-ITX,ATX,0
LGA1700,AM5,DDR4,DDR5,157,313,450,201,Micro-ATX,Micro-ATX,0
AM4,AM4,DDR4,DDR4,137,345,850,257,ATX,Mini-ITX,1
AM5,AM5,DDR5,DDR5,119,419,850,320,Micro-ATX,ATX,0
AM5,LGA1200,DDR4,DDR4,146,388,450,199,Micro-ATX,Mini-ITX,0
AM4,AM4,DDR4,DDR4,134,330,1000,335,ATX,ATX,1
AM4,AM4,DDR5,DDR4,85,80,1000,232,Micro-ATX,Mini-ITX,0
AM4,AM4,DDR4,DDR4,151,302,1000,324,Mini-ITX,ATX,0
AM5,AM5,DDR5,DDR5,166,422,450,318,Mini-ITX,Mini-ITX,0
LGA1200,LGA1200,DDR4,DDR4,152,117,450,305,Micro-ATX,Micro-ATX,1
LGA1700,LGA1700,DDR4,DDR4,154,379,850,189,ATX,ATX,1
AM5,LGA1700,DDR5,DDR5,118,95,450,290,ATX,ATX,0
AM4,LGA1200,DDR4,DDR4,103,109,850,213,Micro-ATX,Mini-ITX,0
LGA1700,AM5,DDR5,DDR5,156,289,650,206,ATX,Mini-ITX,0
LGA1700,LGA1700,DDR4,DDR4,92,318,650,349,ATX,ATX,1
AM5,AM5,DDR5,DDR5,118,123,450,355,ATX,Mini-ITX,1
AM5,AM5,DDR5,DDR5,147,304,650,294,Mini-ITX,Micro-ATX,0
AM4,AM4,DDR4,DDR4,107,300,550,345,ATX,ATX,1
AM5,AM5,DDR5,DDR5,75,289,650,281,Micro-ATX,Mini-ITX,1
LGA1700,LGA1700,DDR5,DDR5,90,370,650,278,ATX,Micro-ATX,1
LGA1700,LGA1700,DDR5,DDR5,149,351,750,339,ATX,Mini-ITX,1
LGA1200,LGA1200,DDR5,DDR4,90,192,750,330,Micro-ATX,Micro-ATX,0
AM4,AM4,DDR4,DDR4,151,95,450,230,Micro-ATX,Micro-ATX,1
AM5,AM5,DDR5,DDR5,83,413,450,258,Mini-ITX,Mini-ITX,0
LGA1200,LGA1200,DDR4,DDR4,90,300,850,201,Micro-ATX,Micro-ATX,1
LGA1700,LGA1200,DDR4,DDR4,97,363,850,205,Mini-ITX,Mini-ITX,0
AM5,AM5,DDR5,DDR5,135,153,850,274,Micro-ATX,ATX,0
LGA1700,AM4,DDR5,DDR4,123,150,1000,324,Mini-ITX,Micro-ATX,0
AM4,AM4,DDR4,DDR4,99,105,1000,315,ATX,Micro-ATX,1
AM5,AM5,DDR5,DDR5,114,166,1000,349,ATX,Micro-ATX,1
AM4,AM4,DDR4,DDR4,169,294,850,268,ATX,ATX,1
AM5,AM4,DDR4,DDR4,123,318,650,300,Mini-ITX,Mini-ITX,0
LGA1700,LGA1700,DDR4,DDR4,157,201,1000,332,ATX,Micro-ATX,1
LGA1700,LGA1200,DDR4,DDR4,110,416,550,285,ATX,Mini-ITX,0
AM5,AM5,DDR5,DDR5,100,268,450,183,Micro-ATX,Mini-ITX,1
LGA1200,LGA1200,DDR4,DDR4,65,202,550,214,ATX,ATX,1
LGA1700,LGA1700,DDR5,DDR5,79,299,750,181,Micro-ATX,ATX,0
AM4,AM4,DDR5,DDR4,149,307,1000,265,Mini-ITX,Mini-ITX,0
LGA1700,LGA1200,DDR5,DDR4,147,247,1000,193,ATX,Micro-ATX,0
LGA1700,LGA1700,DDR5,DDR5,123,231,1000,199,Mini-ITX,ATX,0
AM5,LGA1200,DDR4,DDR4,143,76,450,233,ATX,Micro-ATX,0
LGA1200,LGA1200,DDR5,DDR4,113,196,1000,223,Micro-ATX,ATX,0
LGA1200,LGA1200,DDR4,DDR4,121,375,550,346,Micro-ATX,Mini-ITX,0
AM4,AM4,DDR4,DDR4,68,213,450,347,Mini-ITX,Mini-ITX,0
LGA1700,AM4,DDR4,DDR4,155,222,850,248,ATX,Mini-ITX,0
AM4,AM4,DDR4,DDR4,65,431,750,227,Mini-ITX,Micro-ATX,0
AM4,AM4,DDR5,DDR4,135,170,550,254,Mini-ITX,Micro-ATX,0
AM5,LGA1200,DDR4,DDR4,96,243,650,200,ATX,Micro-ATX,0
LGA1200,LGA1200,DDR4,DDR4,135,203,650,309,Micro-ATX,Mini-ITX,1
LGA1700,LGA1700,DDR5,DDR5,121,126,450,283,ATX,Mini-ITX,1
LGA1200,LGA1200,DDR4,DDR4,138,260,1000,219,Micro-ATX,Micro-ATX,1
AM4,AM4,DDR4,DDR4,101,150,750,183,ATX,Micro-ATX,1
LGA1200,LGA1200,DDR4,DDR4,131,407,1000,353,Mini-ITX,Micro-ATX,0
LGA1700,LGA1700,DDR4,DDR4,159,285,550,340,Mini-ITX,ATX,0
LGA1700,AM4,DDR4,DDR4,127,84,550,333,ATX,ATX,0
AM5,AM5,DDR4,DDR5,94,97,750,225,Mini-ITX,Micro-ATX,0
LGA1200,LGA1200,DDR4,DDR4,164,448,750,301,ATX,Mini-ITX,1
LGA1700,LGA1200,DDR4,DDR4,82,285,550,198,Micro-ATX,Micro-ATX,0
AM5,AM5,DDR5,DDR5,165,127,450,348,Mini-ITX,Mini-ITX,0
AM4,AM4,DDR4,DDR4,125,99,1000,261,ATX,Micro-ATX,1
LGA1200,LGA1200,DDR4,DDR4,97,313,650,319,ATX,Mini-ITX,1
LGA1700,LGA1700,DDR5,DDR5,96,161,650,207,ATX,ATX,1
AM4,AM4,DDR4,DDR4,65,178,650,185,ATX,Micro-ATX,1
AM5,AM5,DDR5,DDR5,153,160,550,287,ATX,Mini-ITX,1
AM5,AM5,DDR5,DDR5,143,199,550,347,Micro-ATX,ATX,0
AM5,AM5,DDR5,DDR5,128,92,550,204,ATX,Mini-ITX,1
AM4,AM4,DDR4,DDR4,65,132,450,307,Micro-ATX,Micro-ATX,1
AM4,AM4,DDR4,DDR4,137,393,650,180,ATX,Mini-ITX,1
LGA1700,LGA1700,DDR5,DDR5,154,184,550,224,Mini-ITX,Micro-ATX,0
AM5,AM5,DDR4,DDR5,102,350,850,206,ATX,Micro-ATX,0
LGA1200,LGA1200,DDR4,DDR4,119,230,750,237,Mini-ITX,ATX,0
LGA1200,LGA1200,DDR4,DDR4,68,338,450,298,Mini-ITX,Mini-ITX,0
LGA1700,LGA1200,DDR4,DDR4,80,297,550,202,Mini-ITX,ATX,0
LGA1700,LGA1700,DDR5,DDR5,77,446,550,180,Mini-ITX,ATX,0
LGA1700,LGA1700,DDR5,DDR5,125,411,450,338,Micro-ATX,Micro-ATX,0
AM4,AM4,DDR4,DDR4,130,242,750,203,ATX,Micro-ATX,1
LGA1700,AM4,DDR4,DDR4,66,133,550,332,Mini-ITX,Mini-ITX,0
AM5,AM5,DDR5,DDR5,120,223,850,301,Micro-ATX,Mini-ITX,1
LGA1200,LGA1700,DDR5,DDR5,168,421,750,349,ATX,ATX,0
LGA1200,LGA1200,DDR4,DDR4,163,110,850,340,Micro-ATX,Micro-ATX,0
AM4,AM4,DDR5,DDR4,92,141,850,215,Mini-ITX,Mini-ITX,0
LGA1200,LGA1200,DDR4,DDR4,160,404,850,295,Mini-ITX,Micro-ATX,0
AM5,AM5,DDR5,DDR5,133,349,750,320,Mini-ITX,Micro-ATX,0
AM5,AM4,DDR5,DDR4,148,263,450,180,ATX,Micro-ATX,0
LGA1700,LGA1700,DDR4,DDR4,167,376,850,347,Mini-ITX,Micro-ATX,0
AM5,AM5,DDR5,DDR5,124,292,650,253,ATX,Micro-ATX,1
LGA1700,LGA1700,DDR5,DDR5,100,216,650,250,Mini-ITX,ATX,0
AM5,AM5,DDR5,DDR5,82,83,1000,310,ATX,ATX,1
AM4,LGA1700,DDR5,DDR5,115,150,1000,213,Micro-ATX,Micro-ATX,0
AM4,AM4,DDR4,DDR4,114,78,650,196,Mini-ITX,ATX,0
LGA1700,LGA1700,DDR5,DDR5,76,125,550,236,Mini-ITX,ATX,0
LGA1200,AM4,DDR5,DDR4,102,432,750,192,Micro-ATX,ATX,0
LGA1200,LGA1200,DDR4,DDR4,96,381,1000,313,Micro-ATX,Micro-ATX,1
LGA1700,LGA1700,DDR4,DDR4,91,115,1000,247,Micro-ATX,Micro-ATX,1
LGA1700,LGA1700,DDR5,DDR5,103,116,850,185,Mini-ITX,ATX,0
AM4,AM5,DDR4,DDR5,141,112,650,227,ATX,Mini-ITX,0
LGA1700,LGA1700,DDR4,DDR4,84,166,1000,307,ATX,Mini-ITX,1
LGA1700,LGA1700,DDR5,DDR5,140,168,550,224,ATX,ATX,1
AM4,LGA1200,DDR4,DDR4,119,180,650,261,Micro-ATX,Micro-ATX,0
LGA1700,LGA1700,DDR4,DDR4,78,143,1000,196,Micro-ATX,Mini-ITX,1
LGA1200,LGA1200,DDR4,DDR4,165,152,450,225,Mini-ITX,ATX,0
AM5,AM4,DDR4,DDR4,161,303,450,263,Mini-ITX,Micro-ATX,0
LGA1700,LGA1700,DDR4,DDR5,150,381,850,246,Micro-ATX,Mini-ITX,0
AM4,LGA1700,DDR4,DDR4,162,203,450,323,Micro-ATX,Micro-ATX,0
AM4,LGA1200,DDR4,DDR4,87,421,750,258,ATX,Micro-ATX,0
LGA1200,AM4,DDR4,DDR4,157,98,650,262,Mini-ITX,ATX,0
AM5,AM5,DDR5,DDR5,80,132,1000,296,ATX,Micro-ATX,1
LGA1700,LGA1700,DDR4,DDR4,134,102,650,290,Mini-ITX,Micro-ATX,0
AM5,AM5,DDR5,DDR5,168,392,750,187,Mini-ITX,Micro-ATX,0
AM5,LGA1200,DDR4,DDR4,120,356,750,211,ATX,Micro-ATX,0
LGA1200,LGA1200,DDR4,DDR4,106,226,1000,281,ATX,Mini-ITX,1
LGA1700,LGA1700,DDR4,DDR4,109,226,650,305,Micro-ATX,Micro-ATX,1
AM5,AM5,DDR5,DDR5,99,325,450,297,Mini-ITX,Micro-ATX,0
AM5,AM5,DDR5,DDR5,67,135,850,349,Mini-ITX,Mini-ITX,0
AM4,AM4,DDR4,DDR4,156,178,850,204,ATX,ATX,1
AM5,LGA1700,DDR5,DDR5,86,279,850,318,Mini-ITX,Micro-ATX,0
LGA1700,LGA1700,DDR4,DDR4,130,344,1000,273,Micro-ATX,Micro-ATX,1
LGA1700,LGA1700,DDR4,DDR5,166,303,650,259,ATX,Mini-ITX,0
LGA1200,LGA1200,DDR4,DDR4,154,339,650,259,Micro-ATX,Mini-ITX,1
AM5,AM5,DDR5,DDR5,162,193,1000,348,Mini-ITX,ATX,0
LGA1700,AM4,DDR4,DDR4,145,309,650,305,ATX,Micro-ATX,0
LGA1700,LGA1700,DDR4,DDR4,92,210,650,231,ATX,Micro-ATX,1
LGA1200,LGA1700,DDR4,DDR4,69,201,650,323,ATX,Mini-ITX,0
AM4,AM4,DDR4,DDR4,77,221,650,359,ATX,ATX,1
LGA1200,LGA1200,DDR4,DDR4,81,404,1000,232,Mini-ITX,Micro-ATX,0
AM4,AM4,DDR4,DDR4,93,253,1000,220,Micro-ATX,Micro-ATX,1
AM4,LGA1700,DDR4,DDR4,118,282,550,270,ATX,Mini-ITX,0
LGA1200,LGA1700,DDR4,DDR4,169,114,450,303,Mini-ITX,ATX,0
LGA1200,LGA1200,DDR4,DDR4,83,234,550,189,Micro-ATX,Mini-ITX,1
LGA1200,AM5,DDR5,DDR5,151,426,650,251,ATX,ATX,0
LGA1700,AM4,DDR4,DDR4,93,128,750,338,Mini-ITX,ATX,0
AM5,AM5,DDR5,DDR5,81,266,450,220,ATX,ATX,1
AM5,AM4,DDR4,DDR4,68,355,850,241,ATX,ATX,0
AM4,AM5,DDR5,DDR5,151,245,850,187,ATX,Micro-ATX,0
AM5,LGA1700,DDR4,DDR4,117,277,850,308,Micro-ATX,ATX,0
AM5,AM5,DDR5,DDR5,133,356,1000,201,Mini-ITX,ATX,0
AM5,AM5,DDR4,DDR5,71,224,850,358,Mini-ITX,ATX,0
LGA1200,LGA1200,DDR4,DDR4,133,143,1000,351,Mini-ITX,Mini-ITX,0
LGA1200,LGA1200,DDR4,DDR4,114,321,1000,232,ATX,Mini-ITX,1
AM4,AM4,DDR5,DDR4,103,341,650,184,Micro-ATX,ATX,0
LGA1200,LGA1200,DDR4,DDR4,128,183,650,226,Mini-ITX,ATX,0
LGA1200,LGA1200,DDR4,DDR4,144,176,450,273,ATX,ATX,1
AM5,AM5,DDR5,DDR5,124,210,450,181,ATX,Micro-ATX,1
LGA1200,LGA1200,DDR4,DDR4,153,408,450,264,Mini-ITX,Micro-ATX,0
LGA1200,LGA1200,DDR4,DDR4,163,252,750,263,ATX,ATX,1
LGA1700,LGA1700,DDR5,DDR5,75,114,650,273,ATX,ATX,1
AM4,AM4,DDR4,DDR4,98,166,450,274,Micro-ATX,Micro-ATX,1
AM5,AM5,DDR5,DDR5,149,408,450,347,Mini-ITX,ATX,0
LGA1200,LGA1200,DDR4,DDR4,76,227,450,215,Mini-ITX,Mini-ITX,1
LGA1200,LGA1700,DDR4,DDR5,69,153,650,191,ATX,Micro-ATX,0
LGA1200,LGA1200,DDR5,DDR4,82,375,1000,238,Micro-ATX,Micro-ATX,0
AM5,LGA1200,DDR4,DDR4,104,373,750,264,ATX,Micro-ATX,0
AM5,AM5,DDR5,DDR5,148,399,450,286,Micro-ATX,Micro-ATX,0
LGA1700,LGA1700,DDR4,DDR4,104,422,850,347,Mini-ITX,Micro-ATX,0
LGA1200,LGA1200,DDR4,DDR4,99,218,650,232,Micro-ATX,Micro-ATX,1
LGA1700,LGA1700,DDR5,DDR5,101,274,450,235,ATX,Micro-ATX,1
LGA1700,LGA1700,DDR5,DDR5,87,359,850,275,ATX,Micro-ATX,1
LGA1200,AM4,DDR4,DDR4,127,447,450,298,Mini-ITX,Mini-ITX,0
AM5,LGA1200,DDR4,DDR4,125,306,450,348,Mini-ITX,Mini-ITX,0
LGA1700,LGA1700,DDR5,DDR4,90,261,550,263,Micro-ATX,ATX,0
LGA1700,LGA1700,DDR5,DDR5,104,394,750,190,ATX,Mini-ITX,1
AM4,AM4,DDR4,DDR4,117,165,1000,193,Mini-ITX,Mini-ITX,1
LGA1200,LGA1200,DDR4,DDR4,166,404,750,247,ATX,ATX,1
AM5,AM5,DDR5,DDR5,150,314,1000,311,Micro-ATX,Mini-ITX,1
AM5,AM5,DDR5,DDR5,78,119,1000,323,ATX,Mini-ITX,1
AM4,AM4,DDR4,DDR4,71,83,1000,273,Micro-ATX,Micro-ATX,1
AM5,AM5,DDR5,DDR5,137,117,650,322,Micro-ATX,ATX,0
AM4,AM4,DDR4,DDR4,162,155,650,205,Micro-ATX,ATX,0
AM5,AM5,DDR4,DDR5,85,226,550,325,Micro-ATX,Mini-ITX,0
AM4,AM4,DDR4,DDR4,157,312,650,257,ATX,Micro-ATX,1
AM5,AM5,DDR4,DDR5,115,434,750,187,ATX,Mini-ITX,0
LGA1700,AM5,DDR5,DDR5,97,425,850,330,Mini-ITX,ATX,0
AM5,AM4,DDR4,DDR4,140,275,450,344,Mini-ITX,Micro-ATX,0
LGA1700,LGA1700,DDR4,DDR4,83,438,550,235,Mini-ITX,ATX,0
LGA1700,AM5,DDR5,DDR5,135,400,450,307,Micro-ATX,Mini-ITX,0
AM4,LGA1200,DDR5,DDR4,78,421,850,234,Micro-ATX,Micro-ATX,0
LGA1700,AM4,DDR4,DDR4,167,361,650,262,Micro-ATX,Mini-ITX,0
AM5,AM5,DDR5,DDR5,76,108,850,193,Micro-ATX,Mini-ITX,1
LGA1700,AM5,DDR5,DDR5,74,88,550,208,Mini-ITX,ATX,0
AM5,AM5,DDR5,DDR5,167,324,1000,336,Mini-ITX,ATX,0
AM4,AM4,DDR4,DDR4,162,98,450,215,ATX,Micro-ATX,1
AM5,AM5,DDR5,DDR5,160,373,550,271,Mini-ITX,Mini-ITX,0
LGA1700,LGA1700,DDR5,DDR5,76,108,650,220,Micro-ATX,Micro-ATX,1
LGA1700,LGA1700,DDR4,DDR5,121,233,550,290,ATX,ATX,0
LGA1700,LGA1700,DDR4,DDR4,110,362,850,342,ATX,Mini-ITX,1
LGA1200,LGA1200,DDR4,DDR4,126,261,750,273,ATX,Micro-ATX,1
LGA1200,AM5,DDR5,DDR5,118,254,1000,255,Mini-ITX,ATX,0
LGA1700,LGA1700,DDR5,DDR5,129,94,750,356,ATX,Micro-ATX,1
AM5,AM5,DDR5,DDR5,159,375,850,309,Micro-ATX,Mini-ITX,1
LGA1200,LGA1200,DDR4,DDR4,85,396,850,293,ATX,Micro-ATX,1
AM5,AM5,DDR5,DDR5,139,214,750,256,Micro-ATX,Mini-ITX,1
AM5,LGA1700,DDR4,DDR4,113,299,850,242,ATX,Micro-ATX,0
AM4,AM4,DDR4,DDR4,88,410,850,229,Micro-ATX,ATX,0
AM4,AM4,DDR4,DDR4,165,223,550,239,Micro-ATX,ATX,0
LGA1200,AM4,DDR4,DDR4,139,356,650,321,Micro-ATX,Mini-ITX,0
AM4,AM4,DDR4,DDR4,105,122,850,279,Mini-ITX,Mini-ITX,0
AM4,AM4,DDR4,DDR4,126,355,450,326,ATX,Micro-ATX,0
AM5,AM5,DDR5,DDR5,151,143,550,221,Micro-ATX,Micro-ATX,1
AM5,AM5,DDR4,DDR5,97,143,550,245,ATX,ATX,0
AM5,AM5,DDR5,DDR5,159,163,750,317,ATX,Mini-ITX,1
AM5,AM5,DDR4,DDR5,130,449,650,290,Micro-ATX,Mini-ITX,0
LGA1200,LGA1200,DDR4,DDR4,144,105,850,182,Micro-ATX,Micro-ATX,1
AM5,AM5,DDR5,DDR5,116,361,750,295,Mini-ITX,Mini-ITX,0
AM4,AM4,DDR4,DDR4,154,363,1000,300,Mini-ITX,ATX,0
LGA1200,LGA1200,DDR4,DDR4,143,175,850,289,Micro-ATX,Mini-ITX,1
AM5,AM5,DDR5,DDR5,101,155,550,220,ATX,Mini-ITX,1
AM4,LGA1200,DDR4,DDR4,65,330,850,214,Mini-ITX,ATX,0
AM4,AM4,DDR5,DDR4,145,127,550,301,Mini-ITX,Mini-ITX,0
AM5,AM5,DDR4,DDR5,123,174,450,257,Mini-ITX,Micro-ATX,0
LGA1700,AM5,DDR5,DDR5,104,351,1000,331,ATX,Mini-ITX,0
AM4,AM4,DDR5,DDR4,69,153,550,341,Micro-ATX,Mini-ITX,0
LGA1200,LGA1200,DDR4,DDR4,100,355,450,246,ATX,ATX,0
AM4,AM4,DDR4,DDR4,85,352,1000,274,Micro-ATX,Mini-ITX,1
LGA1700,AM4,DDR4,DDR4,108,166,1000,192,ATX,Mini-ITX,0
LGA1700,LGA1200,DDR4,DDR4,75,124,550,211,ATX,Micro-ATX,0
AM5,AM5,DDR4,DDR5,160,277,850,294,ATX,Micro-ATX,0
AM5,AM5,DDR5,DDR5,67,428,750,252,Mini-ITX,ATX,0
AM5,AM5,DDR5,DDR5,153,106,450,321,Micro-ATX,Micro-ATX,0
LGA1200,LGA1200,DDR5,DDR4,154,168,1000,193,ATX,Micro-ATX,0
AM4,LGA1700,DDR4,DDR4,121,359,750,203,ATX,Mini-ITX,0
AM4,LGA1200,DDR4,DDR4,70,403,550,274,Mini-ITX,Mini-ITX,0
AM4,LGA1200,DDR4,DDR4,109,119,1000,222,ATX,Micro-ATX,0
LGA1700,LGA1700,DDR5,DDR5,152,370,1000,344,Mini-ITX,ATX,0
LGA1200,LGA1200,DDR4,DDR4,142,373,550,240,Mini-ITX,Micro-ATX,0
LGA1200,LGA1200,DDR5,DDR4,106,207,650,294,Micro-ATX,Micro-ATX,0
AM4,AM4,DDR4,DDR4,168,305,1000,197,ATX,Micro-ATX,1
LGA1200,LGA1200,DDR4,DDR4,157,367,550,224,Mini-ITX,ATX,0
AM5,AM5,DDR5,DDR5,163,386,1000,184,Micro-ATX,ATX,0
LGA1200,LGA1200,DDR4,DDR4,139,252,450,261,Micro-ATX,Mini-ITX,0
LGA1200,LGA1200,DDR4,DDR4,108,429,1000,189,Micro-ATX,Mini-ITX,1
LGA1700,AM5,DDR5,DDR5,142,407,550,218,Micro-ATX,Micro-ATX,0
AM5,AM5,DDR5,DDR5,146,227,450,241,Mini-ITX,Micro-ATX,0
LGA1700,LGA1700,DDR4,DDR4,143,113,650,202,Micro-ATX,ATX,0
LGA1700,LGA1700,DDR5,DDR4,71,206,1000,284,ATX,ATX,0
AM5,LGA1200,DDR5,DDR4,99,385,550,232,ATX,ATX,0
AM4,AM4,DDR4,DDR4,71,446,450,193,ATX,ATX,0
LGA1700,LGA1700,DDR4,DDR5,131,228,1000,235,Micro-ATX,Micro-ATX,0
LGA1700,AM5,DDR5,DDR5,111,137,650,192,ATX,Micro-ATX,0
LGA1200,LGA1200,DDR4,DDR4,144,167,850,331,Mini-ITX,ATX,0
LGA1200,LGA1700,DDR4,DDR5,86,190,850,218,Micro-ATX,Mini-ITX,0
LGA1700,LGA1700,DDR5,DDR5,91,183,650,279,ATX,Micro-ATX,1
AM5,AM5,DDR5,DDR5,129,197,850,291,Mini-ITX,Micro-ATX,0
LGA1700,LGA1700,DDR5,DDR5,111,238,450,359,ATX,ATX,1
AM5,LGA1200,DDR4,DDR4,113,279,450,316,Mini-ITX,Micro-ATX,0
LGA1700,LGA1700,DDR5,DDR4,116,434,750,295,Micro-ATX,Mini-ITX,0
LGA1700,LGA1700,DDR4,DDR4,119,267,1000,240,Micro-ATX,Micro-ATX,1
AM5,LGA1700,DDR4,DDR4,109,156,450,197,Micro-ATX,ATX,0
LGA1700,AM5,DDR5,DDR5,139,87,550,282,Mini-ITX,ATX,0
AM4,AM4,DDR4,DDR4,163,148,550,251,Micro-ATX,ATX,0
AM5,AM4,DDR4,DDR4,164,262,450,316,Micro-ATX,Mini-ITX,0
AM5,AM5,DDR5,DDR5,169,206,550,302,ATX,Micro-ATX,1
LGA1700,AM4,DDR4,DDR4,168,202,750,309,Mini-ITX,Micro-ATX,0
LGA1200,LGA1200,DDR4,DDR4,135,387,550,234,Mini-ITX,Micro-ATX,0
AM4,LGA1200,DDR5,DDR4,148,435,550,186,ATX,Micro-ATX,0
LGA1700,LGA1700,DDR4,DDR4,118,229,650,302,Mini-ITX,Mini-ITX,0
AM5,AM5,DDR5,DDR5,110,145,750,333,Mini-ITX,Micro-ATX,0
AM4,AM4,DDR4,DDR4,83,82,1000,236,ATX,ATX,1
AM5,AM5,DDR5,DDR5,133,78,450,346,Micro-ATX,Mini-ITX,0
AM4,AM4,DDR4,DDR4,81,160,650,301,Micro-ATX,Micro-ATX,1
AM4,LGA1700,DDR5,DDR5,122,141,750,342,Micro-ATX,Micro-ATX,0
LGA1700,LGA1700,DDR4,DDR4,79,346,550,287,Mini-ITX,Mini-ITX,0
LGA1200,LGA1200,DDR4,DDR4,116,364,650,313,ATX,Mini-ITX,1
AM4,AM4,DDR4,DDR4,102,81,550,259,Micro-ATX,Micro-ATX,1
AM4,LGA1700,DDR5,DDR5,150,92,450,335,Micro-ATX,Micro-ATX,0
LGA1700,LGA1700,DDR4,DDR4,69,290,650,209,Micro-ATX,ATX,0
AM4,LGA1700,DDR5,DDR5,128,423,750,183,ATX,Mini-ITX,0
LGA1700,LGA1700,DDR5,DDR5,166,148,1000,221,Mini-ITX,ATX,0
LGA1700,LGA1700,DDR4,DDR4,154,426,750,266,Micro-ATX,Micro-ATX,1
LGA1700,LGA1700,DDR5,DDR5,142,338,850,213,Mini-ITX,Micro-ATX,0
AM5,AM5,DDR5,DDR5,162,438,450,311,ATX,Micro-ATX,0
LGA1200,LGA1200,DDR4,DDR4,83,297,1000,273,Mini-ITX,ATX,0
AM4,LGA1700,DDR5,DDR4,90,296,750,265,Mini-ITX,ATX,0
AM5,AM5,DDR5,DDR5,80,244,450,300,Mini-ITX,Mini-ITX,0
AM5,AM5,DDR5,DDR5,144,357,450,231,Micro-ATX,Micro-ATX,0
AM4,AM4,DDR5,DDR4,68,242,850,351,ATX,Micro-ATX,0
AM4,AM4,DDR4,DDR4,94,128,550,207,ATX,Mini-ITX,1
AM4,AM4,DDR4,DDR4,69,153,650,304,Micro-ATX,Micro-ATX,1
LGA1700,LGA1700,DDR4,DDR4,68,189,650,239,Micro-ATX,Mini-ITX,1
AM4,AM4,DDR4,DDR4,100,246,550,250,Mini-ITX,Mini-ITX,0
AM4,AM4,DDR4,DDR4,104,129,450,293,Micro-ATX,Mini-ITX,1
AM5,AM5,DDR5,DDR5,75,368,1000,349,ATX,ATX,1
LGA1200,LGA1700,DDR4,DDR5,117,312,550,347,Mini-ITX,Mini-ITX,0
LGA1700,LGA1700,DDR4,DDR4,121,130,850,240,ATX,Mini-ITX,1
AM4,AM4,DDR4,DDR4,118,196,450,266,ATX,Mini-ITX,1
AM5,AM5,DDR5,DDR5,114,347,1000,357,ATX,Mini-ITX,1
LGA1700,LGA1700,DDR4,DDR5,141,263,1000,354,Mini-ITX,ATX,0
LGA1200,LGA1700,DDR4,DDR4,112,230,1000,335,Micro-ATX,ATX,0
LGA1700,AM4,DDR4,DDR4,84,149,450,252,Micro-ATX,Micro-ATX,0
AM4,AM4,DDR4,DDR4,118,328,650,227,Micro-ATX,Micro-ATX,1
AM5,AM5,DDR5,DDR5,133,210,450,333,ATX,Micro-ATX,1
AM5,AM4,DDR4,DDR4,142,89,750,269,Micro-ATX,ATX,0
LGA1200,AM4,DDR4,DDR4,96,377,1000,348,ATX,Micro-ATX,0
AM4,LGA1700,DDR5,DDR5,169,272,450,200,Micro-ATX,Mini-ITX,0
LGA1700,LGA1700,DDR4,DDR4,129,102,1000,288,ATX,ATX,1
AM4,AM4,DDR4,DDR4,100,177,850,185,Micro-ATX,ATX,0
AM5,AM5,DDR5,DDR5,85,442,650,241,ATX,ATX,1
AM4,AM4,DDR4,DDR4,95,358,750,358,Micro-ATX,Mini-ITX,0
AM4,AM4,DDR4,DDR4,117,87,850,192,Mini-ITX,Mini-ITX,1
LGA1200,AM4,DDR4,DDR4,139,377,850,235,ATX,Mini-ITX,0
AM5,AM4,DDR4,DDR4,74,178,750,204,ATX,Mini-ITX,0
LGA1200,LGA1200,DDR5,DDR4,101,111,850,229,Mini-ITX,Micro-ATX,0
LGA1200,LGA1200,DDR4,DDR4,69,439,650,333,Micro-ATX,ATX,0
LGA1200,LGA1200,DDR5,DDR4,109,358,550,313,Micro-ATX,ATX,0
AM5,AM5,DDR5,DDR5,70,131,850,243,Micro-ATX,Micro-ATX,1
LGA1700,AM5,DDR5,DDR5,135,438,450,321,Micro-ATX,Mini-ITX,0
LGA1700,LGA1700,DDR5,DDR5,123,138,550,327,ATX,Micro-ATX,1
AM5,AM5,DDR5,DDR5,102,286,650,309,ATX,ATX,1
AM5,LGA1700,DDR4,DDR4,72,185,550,192,Micro-ATX,Micro-ATX,0
AM4,AM5,DDR5,DDR5,158,172,550,201,Micro-ATX,Micro-ATX,0
LGA1700,LGA1700,DDR4,DDR4,81,345,1000,317,Micro-ATX,ATX,0
LGA1200,LGA1200,DDR5,DDR4,74,411,450,285,Mini-ITX,Micro-ATX,0
LGA1200,LGA1200,DDR4,DDR4,136,244,850,254,ATX,ATX,1
LGA1700,LGA1700,DDR5,DDR5,129,100,750,186,ATX,Micro-ATX,1
AM4,AM4,DDR4,DDR4,100,374,1000,339,Mini-ITX,Micro-ATX,0
LGA1200,LGA1200,DDR4,DDR4,163,213,1000,276,Micro-ATX,ATX,0
LGA1200,LGA1200,DDR4,DDR4,71,324,650,213,ATX,Mini-ITX,1
AM5,AM5,DDR5,DDR5,90,204,850,276,Mini-ITX,Mini-ITX,0
AM4,AM4,DDR4,DDR4,96,270,450,343,Mini-ITX,Mini-ITX,0
AM5,AM5,DDR5,DDR5,71,276,1000,324,Micro-ATX,ATX,0
AM4,AM4,DDR4,DDR4,138,356,450,271,ATX,Mini-ITX,0
LGA1200,LGA1200,DDR4,DDR4,156,242,850,286,Mini-ITX,Micro-ATX,0
LGA1200,LGA1200,DDR4,DDR4,139,156,450,334,Mini-ITX,Micro-ATX,0
AM5,AM5,DDR5,DDR5,109,339,850,235,ATX,Mini-ITX,1
AM4,LGA1700,DDR5,DDR5,93,184,550,354,ATX,Mini-ITX,0
LGA1700,LGA1700,DDR5,DDR5,137,89,450,311,Micro-ATX,ATX,0
LGA1200,AM4,DDR4,DDR4,144,154,650,223,Micro-ATX,Mini-ITX,0
AM5,AM5,DDR5,DDR5,123,236,550,287,Micro-ATX,Mini-ITX,1
LGA1700,LGA1700,DDR5,DDR5,65,142,850,243,ATX,ATX,1
AM5,AM4,DDR4,DDR4,129,419,1000,185,Mini-ITX,ATX,0
AM4,AM4,DDR4,DDR4,107,224,1000,239,ATX,ATX,1
AM4,AM4,DDR4,DDR4,152,292,450,247,ATX,Mini-ITX,0
AM5,AM5,DDR5,DDR5,79,153,1000,329,Micro-ATX,Micro-ATX,0
LGA1700,LGA1700,DDR4,DDR4,82,268,850,350,ATX,ATX,1
LGA1700,LGA1700,DDR5,DDR5,72,108,550,184,Mini-ITX,ATX,0
LGA1700,LGA1700,DDR5,DDR5,145,234,550,323,Mini-ITX,Micro-ATX,0
AM4,LGA1700,DDR4,DDR4,164,94,550,265,ATX,Mini-ITX,0
AM4,AM4,DDR4,DDR4,134,385,650,191,Micro-ATX,Micro-ATX,1
LGA1700,LGA1700,DDR4,DDR4,99,362,550,335,Micro-ATX,ATX,0
AM4,AM4,DDR4,DDR4,128,244,850,354,Mini-ITX,ATX,0
AM4,AM4,DDR4,DDR4,76,92,550,317,ATX,Mini-ITX,1
AM5,AM4,DDR4,DDR4,154,297,650,316,Mini-ITX,Micro-ATX,0
LGA1700,LGA1700,DDR5,DDR4,92,223,550,270,ATX,Micro-ATX,0
LGA1700,LGA1700,DDR5,DDR4,114,409,650,325,ATX,ATX,0
LGA1700,LGA1700,DDR5,DDR5,121,424,750,302,Mini-ITX,Mini-ITX,0
AM5,AM5,DDR5,DDR5,108,205,450,250,ATX,Mini-ITX,1
LGA1700,LGA1700,DDR5,DDR5,162,111,550,315,Mini-ITX,Mini-ITX,0
AM4,LGA1200,DDR4,DDR4,141,95,850,332,Micro-ATX,ATX,0
LGA1200,LGA1200,DDR4,DDR4,140,250,550,345,Mini-ITX,ATX,0
LGA1200,LGA1200,DDR4,DDR4,108,238,850,316,Micro-ATX,Mini-ITX,1
AM5,AM5,DDR5,DDR5,81,201,650,330,Micro-ATX,ATX,0
AM4,AM4,DDR4,DDR4,144,294,650,298,Micro-ATX,Mini-ITX,1
AM4,LGA1700,DDR5,DDR5,130,84,750,319,ATX,ATX,0
AM5,AM5,DDR5,DDR5,136,199,450,251,Micro-ATX,ATX,0
AM4,LGA1200,DDR4,DDR4,151,435,750,233,Micro-ATX,Mini-ITX,0
AM5,AM4,DDR4,DDR4,140,174,650,239,ATX,Mini-ITX,0
AM4,AM4,DDR4,DDR4,161,429,650,270,Mini-ITX,ATX,0
LGA1200,LGA1200,DDR4,DDR4,154,218,1000,319,Mini-ITX,Mini-ITX,0
LGA1700,LGA1700,DDR4,DDR4,107,147,450,353,Mini-ITX,Mini-ITX,0
LGA1200,LGA1200,DDR4,DDR4,132,154,850,327,Mini-ITX,Micro-ATX,0
AM4,AM4,DDR4,DDR4,117,385,850,229,Mini-ITX,ATX,0
LGA1700,LGA1200,DDR4,DDR4,146,315,1000,263,Mini-ITX,Micro-ATX,0
LGA1200,LGA1200,DDR4,DDR4,77,193,1000,244,ATX,ATX,1
AM4,AM4,DDR4,DDR4,101,136,650,281,Mini-ITX,Micro-ATX,0
LGA1200,LGA1700,DDR4,DDR4,70,413,1000,329,ATX,Micro-ATX,0
LGA1700,LGA1700,DDR5,DDR5,120,81,450,352,Mini-ITX,Micro-ATX,0
AM4,AM4,DDR4,DDR4,147,377,750,236,Micro-ATX,ATX,0
AM5,AM5,DDR5,DDR5,79,272,1000,247,ATX,Mini-ITX,1
AM5,AM5,DDR5,DDR5,83,281,750,223,Micro-ATX,ATX,0
LGA1700,AM5,DDR5,DDR5,94,447,450,222,ATX,ATX,0
AM5,AM5,DDR5,DDR5,129,329,450,314,ATX,Micro-ATX,0
LGA1700,LGA1700,DDR5,DDR5,141,112,650,297,ATX,Mini-ITX,1
AM5,AM5,DDR4,DDR5,114,385,650,278,ATX,Micro-ATX,0
AM5,LGA1700,DDR4,DDR5,104,84,550,330,Micro-ATX,ATX,0
LGA1700,LGA1700,DDR4,DDR4,156,200,550,209,ATX,Micro-ATX,1
AM4,AM5,DDR5,DDR5,133,398,450,327,ATX,Mini-ITX,0
LGA1200,LGA1200,DDR4,DDR4,163,428,750,351,Micro-ATX,Micro-ATX,0
LGA1200,LGA1200,DDR5,DDR4,116,86,450,205,Micro-ATX,Micro-ATX,0
LGA1200,LGA1200,DDR4,DDR4,89,188,1000,345,Mini-ITX,Micro-ATX,0
AM5,AM4,DDR4,DDR4,93,187,550,247,Mini-ITX,Micro-ATX,0
LGA1200,AM5,DDR5,DDR5,101,160,750,347,Mini-ITX,Micro-ATX,0
AM4,AM4,DDR4,DDR4,109,97,550,300,ATX,Mini-ITX,1
AM4,AM4,DDR5,DDR4,131,337,750,213,Micro-ATX,ATX,0
AM5,AM5,DDR4,DDR5,85,342,850,328,Mini-ITX,Mini-ITX,0
LGA1700,AM5,DDR4,DDR5,100,348,1000,323,ATX,Micro-ATX,0
AM4,LGA1200,DDR4,DDR4,89,380,650,314,ATX,Micro-ATX,0
LGA1200,LGA1200,DDR4,DDR4,162,276,450,317,ATX,ATX,0
LGA1200,LGA1200,DDR4,DDR4,124,167,550,268,Micro-ATX,Mini-ITX,1
AM5,AM5,DDR5,DDR5,158,221,650,234,Micro-ATX,Micro-ATX,1
AM5,AM5,DDR5,DDR5,97,293,550,270,ATX,Micro-ATX,1
LGA1200,LGA1200,DDR4,DDR4,133,375,750,333,ATX,ATX,1
AM4,AM4,DDR4,DDR4,126,210,550,313,Mini-ITX,ATX,0
AM5,AM5,DDR4,DDR5,105,97,1000,222,Mini-ITX,Micro-ATX,0
LGA1200,LGA1200,DDR5,DDR4,68,428,650,348,Mini-ITX,Mini-ITX,0
LGA1700,LGA1700,DDR4,DDR4,123,341,450,264,Micro-ATX,Mini-ITX,0
AM5,AM5,DDR5,DDR5,89,375,1000,193,ATX,ATX,1
AM4,AM4,DDR5,DDR4,88,199,750,274,Mini-ITX,Micro-ATX,0
AM4,AM4,DDR4,DDR4,161,377,550,243,Mini-ITX,Micro-ATX,0
AM5,AM4,DDR4,DDR4,79,134,650,273,Mini-ITX,Mini-ITX,0
AM4,AM4,DDR4,DDR4,68,200,750,228,Micro-ATX,Micro-ATX,1
LGA1200,LGA1200,DDR4,DDR4,84,109,750,358,ATX,ATX,1
LGA1200,LGA1200,DDR5,DDR4,102,252,850,211,ATX,Mini-ITX,0
AM4,AM4,DDR4,DDR4,164,159,450,310,Micro-ATX,Mini-ITX,1
AM4,AM4,DDR5,DDR4,156,265,850,274,Mini-ITX,Micro-ATX,0
LGA1700,LGA1700,DDR5,DDR5,161,295,550,184,ATX,Micro-ATX,1
LGA1200,LGA1200,DDR4,DDR4,70,390,850,358,ATX,ATX,1
AM5,LGA1200,DDR4,DDR4,88,357,750,243,Micro-ATX,Micro-ATX,0
LGA1700,LGA1700,DDR5,DDR5,114,118,850,198,ATX,Micro-ATX,1
AM4,AM4,DDR4,DDR4,101,164,850,308,Micro-ATX,Micro-ATX,1
LGA1200,LGA1200,DDR5,DDR4,72,247,850,220,Mini-ITX,Mini-ITX,0
LGA1200,LGA1200,DDR4,DDR4,154,207,750,302,Mini-ITX,Mini-ITX,0
AM5,AM5,DDR5,DDR5,169,244,750,289,ATX,ATX,1
AM4,AM4,DDR4,DDR4,148,143,1000,209,ATX,ATX,1
AM4,AM4,DDR4,DDR4,156,241,450,265,Micro-ATX,Micro-ATX,0
AM5,AM5,DDR5,DDR5,76,421,850,231,Mini-ITX,Mini-ITX,1
LGA1700,AM4,DDR5,DDR4,142,96,650,224,ATX,Mini-ITX,0
LGA1200,AM4,DDR4,DDR4,88,279,650,216,Mini-ITX,Mini-ITX,0
LGA1700,LGA1700,DDR5,DDR5,133,271,650,290,ATX,ATX,1
LGA1200,LGA1200,DDR4,DDR4,144,167,850,217,Micro-ATX,Micro-ATX,1
LGA1200,LGA1200,DDR4,DDR4,140,216,750,248,ATX,Micro-ATX,1
AM5,AM5,DDR5,DDR5,93,427,650,298,Mini-ITX,Micro-ATX,0
AM4,AM4,DDR4,DDR4,143,331,750,218,ATX,Micro-ATX,1
AM4,AM4,DDR4,DDR4,153,228,750,280,ATX,Mini-ITX,1
AM4,AM4,DDR4,DDR4,68,81,450,257,ATX,Mini-ITX,1
AM4,AM4,DDR4,DDR4,80,225,550,275,Micro-ATX,ATX,0
AM4,AM4,DDR4,DDR4,81,190,550,264,Micro-ATX,ATX,0
AM4,AM4,DDR4,DDR4,76,340,450,214,ATX,Mini-ITX,0
LGA1200,LGA1200,DDR4,DDR4,122,445,850,195,Micro-ATX,Mini-ITX,1
AM5,AM5,DDR5,DDR5,86,121,650,258,Mini-ITX,ATX,0
AM4,AM5,DDR5,DDR5,104,187,1000,286,ATX,Micro-ATX,0
LGA1200,LGA1200,DDR4,DDR4,156,130,750,276,ATX,Mini-ITX,1
AM4,AM4,DDR4,DDR4,112,170,1000,337,ATX,ATX,1
LGA1700,LGA1700,DDR4,DDR4,77,327,750,190,ATX,Micro-ATX,1
AM5,AM5,DDR5,DDR5,136,203,850,272,Micro-ATX,Micro-ATX,1
AM4,AM4,DDR5,DDR4,135,370,650,312,ATX,Mini-ITX,0
AM4,AM4,DDR4,DDR4,81,444,1000,220,ATX,Mini-ITX,1
LGA1200,LGA1200,DDR4,DDR4,82,122,550,276,Mini-ITX,ATX,0
LGA1200,LGA1200,DDR4,DDR4,84,130,650,344,Mini-ITX,Micro-ATX,0
AM4,AM4,DDR4,DDR4,100,196,550,302,Mini-ITX,ATX,0
LGA1200,LGA1200,DDR4,DDR4,75,117,550,346,Micro-ATX,Micro-ATX,0
AM5,AM5,DDR5,DDR5,169,143,550,264,ATX,Micro-ATX,1
AM5,AM4,DDR4,DDR4,107,382,550,297,Mini-ITX,Mini-ITX,0
AM4,LGA1700,DDR4,DDR4,129,353,450,309,Micro-ATX,ATX,0
AM4,AM4,DDR4,DDR4,166,280,1000,208,ATX,Micro-ATX,1
LGA1700,LGA1200,DDR4,DDR4,160,280,1000,281,ATX,Micro-ATX,0
LGA1200,LGA1200,DDR5,DDR4,144,111,750,329,Micro-ATX,Micro-ATX,0
AM5,AM4,DDR4,DDR4,106,365,750,286,Micro-ATX,ATX,0
AM5,AM4,DDR4,DDR4,98,408,650,317,Micro-ATX,Mini-ITX,0
LGA1700,AM5,DDR4,DDR5,74,293,550,258,ATX,Micro-ATX,0
AM5,LGA1700,DDR4,DDR4,83,192,650,205,Micro-ATX,ATX,0
LGA1200,LGA1200,DDR4,DDR4,155,250,850,248,ATX,Micro-ATX,1
AM5,AM5,DDR4,DDR5,139,344,750,344,ATX,ATX,0
AM4,AM4,DDR4,DDR4,89,421,850,317,Micro-ATX,Micro-ATX,1
AM5,LGA1700,DDR4,DDR4,113,330,1000,322,ATX,ATX,0
LGA1200,LGA1200,DDR4,DDR4,67,368,750,290,Mini-ITX,Micro-ATX,0
AM5,AM5,DDR5,DDR5,129,264,550,221,Micro-ATX,Mini-ITX,1
AM5,AM5,DDR4,DDR5,104,101,650,344,Micro-ATX,Micro-ATX,0
AM4,AM4,DDR4,DDR4,112,274,1000,192,Mini-ITX,Micro-ATX,0
LGA1700,AM4,DDR4,DDR4,160,77,750,195,Micro-ATX,Mini-ITX,0
AM5,AM5,DDR5,DDR5,91,322,550,320,Mini-ITX,Mini-ITX,0
LGA1700,LGA1700,DDR4,DDR4,143,280,850,345,Micro-ATX,Mini-ITX,0
AM4,LGA1200,DDR4,DDR4,113,413,450,227,ATX,ATX,0
AM5,AM5,DDR5,DDR5,163,432,550,215,ATX,Mini-ITX,0
LGA1700,LGA1700,DDR5,DDR5,125,199,850,296,Micro-ATX,ATX,0
AM4,AM4,DDR4,DDR4,163,215,850,287,Micro-ATX,ATX,0
AM5,AM5,DDR5,DDR5,145,327,850,228,Mini-ITX,ATX,0
LGA1700,LGA1700,DDR4,DDR4,148,245,450,214,Mini-ITX,ATX,0
AM5,AM5,DDR5,DDR5,121,349,1000,202,Micro-ATX,ATX,0
LGA1200,LGA1200,DDR4,DDR4,93,345,750,316,Micro-ATX,Mini-ITX,1
LGA1700,AM4,DDR4,DDR4,66,188,750,211,Micro-ATX,Mini-ITX,0
AM4,AM4,DDR4,DDR4,68,350,450,308,ATX,Mini-ITX,0
AM5,AM5,DDR5,DDR5,84,187,650,325,ATX,Micro-ATX,1
AM4,AM4,DDR4,DDR4,154,96,850,344,Micro-ATX,ATX,0
LGA1200,LGA1200,DDR4,DDR4,70,343,450,288,ATX,Mini-ITX,0
AM4,AM4,DDR4,DDR4,75,375,750,233,Mini-ITX,Micro-ATX,0
LGA1700,LGA1700,DDR5,DDR5,100,90,450,336,Mini-ITX,Micro-ATX,0
LGA1700,LGA1700,DDR5,DDR4,92,380,650,328,ATX,ATX,0
AM4,AM4,DDR4,DDR4,80,399,450,205,Micro-ATX,ATX,0
AM5,AM5,DDR5,DDR5,85,257,850,218,Micro-ATX,Mini-ITX,1
AM5,AM5,DDR5,DDR5,124,132,750,347,Micro-ATX,Mini-ITX,0
AM5,LGA1200,DDR4,DDR4,120,423,1000,255,ATX,ATX,0
AM4,AM4,DDR4,DDR4,71,310,650,211,Mini-ITX,Mini-ITX,1
LGA1200,LGA1200,DDR4,DDR4,154,355,550,243,Micro-ATX,ATX,0
LGA1200,LGA1200,DDR4,DDR4,94,277,850,186,Mini-ITX,ATX,0
LGA1700,LGA1700,DDR5,DDR5,149,249,550,233,Micro-ATX,Micro-ATX,1
AM5,AM5,DDR5,DDR5,78,269,650,197,Micro-ATX,ATX,0
AM4,AM4,DDR4,DDR4,90,208,850,237,Micro-ATX,Mini-ITX,1
LGA1200,LGA1700,DDR5,DDR5,96,405,750,233,Micro-ATX,ATX,0
LGA1200,AM5,DDR4,DDR5,118,282,650,228,Mini-ITX,Micro-ATX,0
LGA1700,AM4,DDR4,DDR4,150,190,550,281,ATX,ATX,0
AM4,AM4,DDR4,DDR4,73,80,650,331,Micro-ATX,ATX,0
AM4,AM4,DDR4,DDR4,164,196,450,348,Mini-ITX,ATX,0
LGA1700,LGA1700,DDR5,DDR5,139,283,850,212,Micro-ATX,Micro-ATX,1
LGA1700,LGA1700,DDR5,DDR5,76,252,450,186,ATX,ATX,1
AM4,AM4,DDR4,DDR4,68,310,450,255,ATX,ATX,0
AM4,AM4,DDR4,DDR4,110,348,750,278,Micro-ATX,ATX,0
AM5,AM5,DDR5,DDR5,144,398,650,203,ATX,ATX,0
LGA1200,LGA1200,DDR4,DDR4,156,449,450,309,Micro-ATX,ATX,0
LGA1200,LGA1200,DDR4,DDR4,71,195,450,200,Mini-ITX,Mini-ITX,1
LGA1200,LGA1200,DDR4,DDR4,110,184,650,191,ATX,Mini-ITX,1
LGA1200,LGA1200,DDR4,DDR4,75,197,450,355,Micro-ATX,Mini-ITX,0
LGA1700,LGA1700,DDR5,DDR5,107,109,1000,339,Micro-ATX,Micro-ATX,0
AM4,AM5,DDR5,DDR5,93,104,550,261,Micro-ATX,ATX,0
AM5,AM5,DDR5,DDR5,95,413,750,213,Micro-ATX,Mini-ITX,1
LGA1200,LGA1200,DDR4,DDR4,138,263,650,300,Mini-ITX,Mini-ITX,0
AM4,LGA1700,DDR4,DDR4,106,272,450,341,ATX,ATX,0
AM5,AM5,DDR5,DDR5,124,285,1000,266,Micro-ATX,Mini-ITX,1
AM4,AM4,DDR4,DDR4,135,178,750,335,Micro-ATX,ATX,0
AM5,AM5,DDR5,DDR5,99,317,650,204,Micro-ATX,Micro-ATX,1
AM4,AM4,DDR5,DDR4,66,136,650,271,Mini-ITX,Micro-ATX,0
LGA1700,AM4,DDR4,DDR4,96,432,450,231,ATX,Mini-ITX,0
AM5,AM5,DDR5,DDR5,161,285,850,353,Micro-ATX,Mini-ITX,0
LGA1200,LGA1200,DDR4,DDR4,157,126,650,305,ATX,Mini-ITX,1
LGA1700,AM4,DDR5,DDR4,72,348,450,193,Mini-ITX,Micro-ATX,0
LGA1700,LGA1700,DDR5,DDR5,152,261,1000,188,Mini-ITX,Mini-ITX,1
LGA1200,LGA1200,DDR4,DDR4,156,264,850,198,Mini-ITX,Micro-ATX,0
LGA1200,LGA1200,DDR4,DDR4,79,252,550,291,ATX,Micro-ATX,1
LGA1700,LGA1700,DDR4,DDR4,155,262,650,229,Micro-ATX,ATX,0
AM5,AM5,DDR5,DDR5,136,107,1000,338,Mini-ITX,Mini-ITX,0
AM5,AM5,DDR5,DDR5,151,413,1000,260,ATX,Mini-ITX,1
AM4,AM4,DDR4,DDR4,111,195,650,181,Micro-ATX,Micro-ATX,1
AM5,AM5,DDR5,DDR5,92,405,650,198,Mini-ITX,ATX,0
AM5,AM5,DDR4,DDR5,99,426,850,186,Mini-ITX,Mini-ITX,0
LGA1700,LGA1700,DDR4,DDR4,131,368,550,348,ATX,Mini-ITX,0
AM4,AM4,DDR4,DDR4,114,371,650,181,Micro-ATX,ATX,0
LGA1700,LGA1200,DDR4,DDR4,105,187,650,235,Mini-ITX,Mini-ITX,0
LGA1200,LGA1200,DDR4,DDR4,111,250,650,247,Micro-ATX,Mini-ITX,1
AM5,AM5,DDR5,DDR5,95,286,550,259,Micro-ATX,Mini-ITX,1
AM4,AM4,DDR4,DDR4,153,149,850,219,Mini-ITX,ATX,0
LGA1700,LGA1700,DDR5,DDR5,117,447,450,352,Mini-ITX,Micro-ATX,0
LGA1700,LGA1700,DDR5,DDR5,150,355,850,241,Micro-ATX,Micro-ATX,1
LGA1200,LGA1200,DDR4,DDR4,105,75,750,296,Mini-ITX,Mini-ITX,0
AM4,AM4,DDR5,DDR4,129,330,650,230,Micro-ATX,Mini-ITX,0
LGA1700,LGA1700,DDR5,DDR4,158,358,1000,289,Mini-ITX,ATX,0
AM4,LGA1700,DDR5,DDR5,153,116,750,248,Mini-ITX,Micro-ATX,0
LGA1200,LGA1200,DDR4,DDR4,110,216,1000,354,Micro-ATX,Micro-ATX,0
AM4,AM4,DDR4,DDR4,65,136,750,306,ATX,Mini-ITX,1
LGA1700,LGA1700,DDR4,DDR4,89,188,650,339,Mini-ITX,Micro-ATX,0
LGA1700,LGA1700,DDR5,DDR5,133,251,650,266,Mini-ITX,Mini-ITX,0
AM4,AM4,DDR5,DDR4,123,180,650,206,Micro-ATX,ATX,0
AM5,LGA1200,DDR4,DDR4,118,308,650,272,Micro-ATX,Mini-ITX,0
LGA1700,LGA1700,DDR4,DDR5,98,379,850,334,ATX,Micro-ATX,0
LGA1700,LGA1700,DDR5,DDR5,79,162,550,340,Micro-ATX,ATX,0
AM5,AM5,DDR4,DDR5,91,348,850,207,ATX,ATX,0
LGA1200,LGA1700,DDR4,DDR4,106,418,1000,324,Mini-ITX,Micro-ATX,0
AM4,AM5,DDR5,DDR5,111,376,450,239,ATX,Mini-ITX,0
AM5,AM5,DDR4,DDR5,124,401,850,338,ATX,Mini-ITX,0
AM4,AM4,DDR4,DDR4,111,76,750,357,ATX,Micro-ATX,1
LGA1200,LGA1200,DDR4,DDR4,90,167,750,215,ATX,ATX,1
AM5,AM5,DDR5,DDR5,133,80,1000,344,Micro-ATX,Micro-ATX,0
LGA1700,LGA1700,DDR4,DDR4,81,181,1000,271,Micro-ATX,ATX,0
AM5,AM5,DDR4,DDR5,135,202,750,319,Mini-ITX,ATX,0
LGA1700,LGA1700,DDR4,DDR4,84,357,1000,273,Micro-ATX,Mini-ITX,1
AM5,AM5,DDR5,DDR5,124,383,450,218,ATX,Mini-ITX,0
LGA1700,LGA1700,DDR5,DDR5,76,380,750,211,Micro-ATX,ATX,0
LGA1700,LGA1700,DDR5,DDR5,93,167,650,334,Mini-ITX,ATX,0
LGA1200,LGA1200,DDR4,DDR4,87,360,550,337,ATX,Micro-ATX,1
AM4,AM4,DDR5,DDR4,71,157,550,344,Mini-ITX,Micro-ATX,0
LGA1200,LGA1200,DDR4,DDR4,91,232,650,218,Micro-ATX,ATX,0
LGA1200,LGA1200,DDR4,DDR4,104,391,750,313,ATX,ATX,1
AM5,LGA1200,DDR4,DDR4,157,421,750,233,ATX,Mini-ITX,0
AM4,AM4,DDR4,DDR4,82,347,650,196,ATX,Mini-ITX,1
AM4,AM4,DDR5,DDR4,129,206,650,303,ATX,ATX,0
LGA1700,LGA1700,DDR5,DDR5,169,233,550,233,Micro-ATX,ATX,0
AM5,AM5,DDR4,DDR5,74,166,650,283,Mini-ITX,Mini-ITX,0
LGA1700,LGA1700,DDR4,DDR4,90,326,850,259,Mini-ITX,Mini-ITX,0
LGA1700,LGA1200,DDR5,DDR4,144,408,1000,341,Mini-ITX,Micro-ATX,0
LGA1700,LGA1200,DDR4,DDR4,163,137,750,281,Micro-ATX,Mini-ITX,0
LGA1200,LGA1200,DDR5,DDR4,148,395,1000,289,ATX,Micro-ATX,0
LGA1700,LGA1700,DDR4,DDR5,125,322,750,342,ATX,Mini-ITX,0
LGA1200,LGA1200,DDR4,DDR4,165,373,850,259,Micro-ATX,ATX,0
AM5,AM4,DDR4,DDR4,66,108,450,309,ATX,ATX,0
LGA1200,LGA1200,DDR4,DDR4,157,396,450,313,Micro-ATX,Mini-ITX,0
AM5,LGA1700,DDR4,DDR4,115,173,550,230,ATX,Mini-ITX,0
AM4,AM4,DDR4,DDR4,107,108,550,224,Mini-ITX,ATX,0
AM5,AM5,DDR5,DDR5,147,158,750,232,Micro-ATX,Micro-ATX,1
LGA1200,AM5,DDR5,DDR5,114,372,650,268,Micro-ATX,Mini-ITX,0
LGA1700,AM4,DDR5,DDR4,73,259,1000,230,Mini-ITX,Micro-ATX,0
AM4,AM4,DDR4,DDR4,165,272,450,346,Micro-ATX,Micro-ATX,0
LGA1700,LGA1700,DDR5,DDR5,99,384,450,198,Micro-ATX,ATX,0
LGA1700,LGA1700,DDR4,DDR4,146,80,550,203,ATX,ATX,1
AM4,AM4,DDR4,DDR4,93,82,450,208,Micro-ATX,Micro-ATX,1
LGA1200,LGA1700,DDR4,DDR4,148,390,450,338,Micro-ATX,ATX,0
AM4,AM4,DDR4,DDR4,169,235,450,230,ATX,Mini-ITX,0
LGA1200,LGA1200,DDR4,DDR4,76,276,750,185,Micro-ATX,Mini-ITX,1
AM5,AM5,DDR5,DDR5,122,376,1000,294,Micro-ATX,Micro-ATX,1
AM5,AM5,DDR5,DDR5,124,251,550,232,ATX,Micro-ATX,1
LGA1700,LGA1700,DDR4,DDR5,94,208,850,335,Micro-ATX,Micro-ATX,0
LGA1700,LGA1700,DDR4,DDR4,165,215,850,294,Mini-ITX,Micro-ATX,0
AM4,AM4,DDR4,DDR4,118,179,1000,246,Mini-ITX,Micro-ATX,0
AM5,AM5,DDR5,DDR5,80,239,850,307,Micro-ATX,ATX,0
AM4,AM4,DDR4,DDR4,114,78,650,219,Mini-ITX,Micro-ATX,0
AM5,AM5,DDR5,DDR5,82,307,850,264,ATX,Micro-ATX,1
LGA1200,LGA1200,DDR4,DDR4,86,293,1000,295,Micro-ATX,ATX,0
AM4,AM4,DDR4,DDR4,67,208,850,274,Mini-ITX,Micro-ATX,0
LGA1700,LGA1700,DDR4,DDR4,167,291,1000,195,Mini-ITX,Mini-ITX,1
LGA1200,LGA1200,DDR4,DDR4,153,323,650,272,Mini-ITX,Micro-ATX,0
LGA1200,LGA1200,DDR4,DDR4,162,89,650,336,ATX,Micro-ATX,1
AM4,AM4,DDR5,DDR4,139,163,750,198,Micro-ATX,Micro-ATX,0
LGA1700,AM5,DDR5,DDR5,157,334,850,208,Micro-ATX,ATX,0
AM5,AM5,DDR5,DDR5,105,141,550,252,Micro-ATX,Mini-ITX,1
LGA1700,LGA1700,DDR5,DDR5,110,399,1000,211,Micro-ATX,ATX,0
LGA1200,LGA1200,DDR4,DDR4,91,276,850,329,ATX,ATX,1
AM4,AM4,DDR4,DDR4,160,163,750,306,ATX,Micro-ATX,1
AM5,AM5,DDR5,DDR5,95,318,650,269,Mini-ITX,ATX,0
AM5,AM5,DDR5,DDR5,72,196,750,329,ATX,ATX,1
LGA1200,LGA1200,DDR4,DDR4,156,403,1000,233,ATX,Micro-ATX,1
AM5,LGA1200,DDR4,DDR4,76,100,450,286,ATX,Mini-ITX,0
AM4,AM4,DDR4,DDR4,164,202,550,275,ATX,ATX,1
LGA1700,LGA1700,DDR5,DDR5,101,233,650,299,ATX,ATX,1
AM5,AM5,DDR5,DDR5,80,446,750,309,ATX,Micro-ATX,1
AM4,AM4,DDR4,DDR4,133,127,850,268,Mini-ITX,Micro-ATX,0
AM5,AM5,DDR5,DDR5,74,153,550,181,Micro-ATX,ATX,0
AM4,AM4,DDR4,DDR4,71,446,650,359,Mini-ITX,Mini-ITX,0
LGA1700,LGA1700,DDR4,DDR4,65,164,550,182,Mini-ITX,ATX,0
LGA1200,LGA1200,DDR4,DDR4,112,317,850,228,Micro-ATX,Mini-ITX,1
LGA1200,LGA1200,DDR4,DDR4,124,144,450,269,Mini-ITX,ATX,0
AM5,AM5,DDR5,DDR5,81,448,550,214,Mini-ITX,Micro-ATX,0
AM4,AM4,DDR4,DDR4,133,168,850,261,Mini-ITX,ATX,0
AM5,AM5,DDR5,DDR5,140,231,550,256,Mini-ITX,Mini-ITX,0
LGA1200,AM5,DDR5,DDR5,133,300,650,296,Mini-ITX,Micro-ATX,0
LGA1700,LGA1700,DDR5,DDR5,132,379,450,191,Micro-ATX,Micro-ATX,0
AM5,LGA1700,DDR5,DDR4,111,268,850,305,ATX,Mini-ITX,0
LGA1200,LGA1200,DDR4,DDR4,134,165,650,227,Micro-ATX,Micro-ATX,1
AM4,LGA1700,DDR4,DDR4,135,259,650,297,Mini-ITX,ATX,0
LGA1200,LGA1200,DDR4,DDR4,106,234,850,267,Mini-ITX,Mini-ITX,0
LGA1700,LGA1700,DDR4,DDR4,126,125,850,298,ATX,Mini-ITX,1
LGA1700,LGA1200,DDR4,DDR4,84,226,750,288,Micro-ATX,Mini-ITX,0
AM4,AM4,DDR4,DDR4,110,318,650,283,ATX,ATX,1
LGA1200,LGA1200,DDR4,DDR4,112,185,850,199,ATX,Micro-ATX,1
LGA1700,AM5,DDR5,DDR5,121,132,450,300,ATX,Micro-ATX,0
AM4,LGA1700,DDR5,DDR5,80,157,550,238,ATX,Micro-ATX,0
AM4,AM4,DDR5,DDR4,111,185,750,298,Micro-ATX,Micro-ATX,0
AM5,AM5,DDR5,DDR5,166,342,450,311,Micro-ATX,Mini-ITX,0
AM5,AM5,DDR5,DDR5,158,364,750,270,Micro-ATX,Mini-ITX,1
AM5,AM5,DDR4,DDR5,166,194,750,267,Mini-ITX,Mini-ITX,0
LGA1700,LGA1200,DDR4,DDR4,109,448,750,207,ATX,Micro-ATX,0
LGA1200,AM5,DDR5,DDR5,141,368,750,189,Micro-ATX,ATX,0
LGA1700,LGA1700,DDR4,DDR4,67,104,1000,316,Mini-ITX,ATX,0
LGA1200,LGA1200,DDR4,DDR4,148,87,450,248,Micro-ATX,Micro-ATX,1
AM5,AM5,DDR5,DDR5,91,369,650,193,Micro-ATX,Mini-ITX,1
AM4,AM4,DDR4,DDR4,114,252,850,284,ATX,ATX,1
AM5,AM5,DDR5,DDR5,160,161,550,299,Micro-ATX,Micro-ATX,1
AM5,AM5,DDR5,DDR5,106,87,550,308,ATX,Mini-ITX,1
AM5,AM5,DDR5,DDR5,157,435,550,307,ATX,Mini-ITX,0
AM5,AM5,DDR5,DDR5,101,304,750,357,Mini-ITX,Micro-ATX,0
LGA1700,LGA1200,DDR4,DDR4,157,337,650,267,Micro-ATX,Mini-ITX,0
LGA1200,LGA1200,DDR4,DDR4,149,137,450,350,Micro-ATX,ATX,0
AM4,LGA1200,DDR5,DDR4,159,179,1000,273,Mini-ITX,ATX,0
AM4,AM4,DDR4,DDR4,157,330,550,192,Mini-ITX,Mini-ITX,0
AM4,AM4,DDR4,DDR4,161,356,550,214,Mini-ITX,ATX,0
LGA1700,LGA1700,DDR4,DDR4,90,208,450,260,ATX,ATX,1
LGA1700,LGA1700,DDR5,DDR5,100,101,550,355,ATX,Mini-ITX,1
AM5,AM5,DDR5,DDR5,84,262,450,328,ATX,Micro-ATX,1
LGA1200,LGA1200,DDR4,DDR4,166,283,650,226,Mini-ITX,Mini-ITX,1
LGA1700,AM4,DDR5,DDR4,72,284,550,267,Micro-ATX,Mini-ITX,0
LGA1200,LGA1200,DDR4,DDR4,131,368,1000,329,ATX,Micro-ATX,1
AM5,LGA1700,DDR4,DDR4,97,82,1000,215,Micro-ATX,Mini-ITX,0
AM5,AM5,DDR5,DDR5,100,246,750,182,Mini-ITX,Mini-ITX,1
AM4,AM4,DDR4,DDR4,117,433,1000,230,Micro-ATX,Mini-ITX,1
LGA1700,LGA1700,DDR5,DDR5,137,339,750,237,Micro-ATX,Micro-ATX,1
LGA1200,AM4,DDR5,DDR4,114,254,450,325,Mini-ITX,Mini-ITX,0
AM4,AM4,DDR4,DDR4,87,427,1000,341,ATX,Micro-ATX,1
LGA1700,LGA1700,DDR5,DDR5,102,368,450,187,Mini-ITX,Mini-ITX,0
AM4,LGA1200,DDR4,DDR4,159,301,550,195,ATX,ATX,0
AM4,AM4,DDR4,DDR4,108,226,550,260,ATX,Micro-ATX,1
LGA1200,LGA1200,DDR4,DDR4,120,168,850,213,Mini-ITX,ATX,0
AM5,AM5,DDR5,DDR5,106,282,550,241,Mini-ITX,Mini-ITX,0
AM4,AM4,DDR5,DDR4,89,171,850,327,ATX,ATX,0
AM5,LGA1700,DDR5,DDR5,144,223,750,328,Mini-ITX,Micro-ATX,0
AM4,AM4,DDR4,DDR4,129,408,750,237,ATX,ATX,1
LGA1700,AM4,DDR4,DDR4,161,317,1000,238,ATX,Mini-ITX,0
AM5,LGA1700,DDR4,DDR4,165,84,850,272,Micro-ATX,Mini-ITX,0
LGA1200,LGA1200,DDR4,DDR4,78,106,550,276,Mini-ITX,Micro-ATX,0
LGA1200,AM5,DDR5,DDR5,157,241,850,280,ATX,Mini-ITX,0
AM4,AM4,DDR4,DDR4,116,409,550,304,Mini-ITX,Mini-ITX,0
LGA1700,LGA1700,DDR4,DDR4,139,166,850,277,Mini-ITX,Micro-ATX,0
LGA1200,LGA1200,DDR4,DDR4,105,253,850,285,Micro-ATX,ATX,0
LGA1700,LGA1700,DDR4,DDR4,107,267,450,209,Mini-ITX,Micro-ATX,0
AM4,AM4,DDR4,DDR4,141,411,550,184,Mini-ITX,Micro-ATX,0
LGA1200,LGA1200,DDR4,DDR4,98,114,1000,272,Mini-ITX,Micro-ATX,0
AM5,AM5,DDR5,DDR5,80,293,750,216,ATX,Mini-ITX,1
AM5,AM5,DDR5,DDR5,119,280,650,290,ATX,Micro-ATX,1
LGA1200,LGA1200,DDR5,DDR4,148,367,850,271,ATX,Micro-ATX,0
AM5,AM5,DDR5,DDR5,122,419,650,247,Micro-ATX,Mini-ITX,1
LGA1200,LGA1200,DDR4,DDR4,82,342,850,220,ATX,Micro-ATX,1
AM5,LGA1200,DDR4,DDR4,121,183,450,301,Micro-ATX,ATX,0
AM5,AM5,DDR5,DDR5,90,160,650,286,ATX,Micro-ATX,1
LGA1700,LGA1700,DDR4,DDR4,95,86,1000,235,Mini-ITX,Mini-ITX,1
LGA1200,LGA1200,DDR4,DDR4,152,77,750,324,Mini-ITX,Micro-ATX,0
AM4,AM4,DDR4,DDR4,113,90,550,236,ATX,Mini-ITX,1
LGA1700,LGA1700,DDR5,DDR5,136,218,650,268,ATX,Micro-ATX,1
LGA1700,AM4,DDR5,DDR4,133,412,750,239,Micro-ATX,ATX,0
AM5,AM5,DDR5,DDR5,97,91,850,328,Mini-ITX,Micro-ATX,0
LGA1700,LGA1700,DDR5,DDR4,83,399,450,286,ATX,Micro-ATX,0
LGA1700,LGA1200,DDR4,DDR4,161,179,450,296,ATX,ATX,0
LGA1200,LGA1200,DDR4,DDR4,117,412,550,296,Mini-ITX,Micro-ATX,0
LGA1200,LGA1200,DDR4,DDR4,156,371,850,223,Micro-ATX,Mini-ITX,1
LGA1700,AM5,DDR5,DDR5,145,183,850,276,Mini-ITX,Micro-ATX,0
LGA1200,LGA1200,DDR4,DDR4,65,176,450,244,Mini-ITX,Micro-ATX,0
AM4,AM5,DDR4,DDR5,66,327,650,318,Micro-ATX,Mini-ITX,0
AM5,AM5,DDR5,DDR5,148,229,1000,213,Micro-ATX,Mini-ITX,1
AM4,AM4,DDR4,DDR4,98,397,1000,355,ATX,Micro-ATX,1
AM4,AM4,DDR4,DDR4,155,186,750,317,Mini-ITX,ATX,0
LGA1700,LGA1700,DDR5,DDR4,154,229,850,185,Micro-ATX,ATX,0
LGA1700,LGA1700,DDR5,DDR5,89,327,850,295,ATX,Micro-ATX,1
LGA1700,LGA1700,DDR5,DDR5,117,82,750,255,Mini-ITX,Mini-ITX,0
AM4,AM4,DDR4,DDR4,84,86,650,358,Mini-ITX,Micro-ATX,0
AM4,AM4,DDR4,DDR4,86,169,450,310,Micro-ATX,ATX,0
AM4,AM4,DDR4,DDR4,72,252,850,242,ATX,ATX,1
LGA1700,LGA1700,DDR5,DDR5,103,338,750,358,Mini-ITX,ATX,0
AM4,AM5,DDR5,DDR5,124,322,1000,315,ATX,ATX,0
LGA1700,LGA1700,DDR5,DDR5,74,403,850,209,Mini-ITX,Micro-ATX,0
AM5,AM5,DDR5,DDR5,161,104,1000,268,Micro-ATX,ATX,0
LGA1700,LGA1700,DDR5,DDR5,135,327,750,318,ATX,Micro-ATX,1
AM5,AM5,DDR5,DDR5,154,163,1000,269,Mini-ITX,Mini-ITX,0
AM4,AM4,DDR4,DDR4,156,237,550,212,Mini-ITX,ATX,0
AM4,AM4,DDR4,DDR4,132,444,650,297,Micro-ATX,Mini-ITX,0
LGA1700,AM5,DDR5,DDR5,140,114,450,355,ATX,Mini-ITX,0
AM5,AM5,DDR5,DDR5,96,378,550,279,ATX,Micro-ATX,0
AM4,AM4,DDR4,DDR4,132,267,550,218,Micro-ATX,Mini-ITX,1
LGA1200,LGA1700,DDR5,DDR5,76,179,1000,336,ATX,Micro-ATX,0
AM4,AM4,DDR4,DDR4,80,242,750,238,Micro-ATX,ATX,0
LGA1700,LGA1700,DDR5,DDR5,71,333,550,211,Mini-ITX,ATX,0
LGA1700,LGA1700,DDR4,DDR4,110,89,650,229,Micro-ATX,Mini-ITX,1
LGA1700,LGA1700,DDR5,DDR5,154,248,550,331,Micro-ATX,Mini-ITX,0
AM5,AM5,DDR5,DDR5,78,371,1000,253,Mini-ITX,ATX,0
AM4,AM4,DDR4,DDR4,95,332,850,344,Micro-ATX,Micro-ATX,0
AM4,AM4,DDR4,DDR4,73,315,850,348,Micro-ATX,Micro-ATX,0
LGA1200,LGA1200,DDR4,DDR4,112,189,1000,186,Mini-ITX,ATX,0
AM4,AM4,DDR4,DDR4,134,228,450,306,ATX,Mini-ITX,1
LGA1200,LGA1200,DDR4,DDR4,100,351,850,359,ATX,Micro-ATX,1
AM4,AM4,DDR4,DDR4,146,348,450,264,Mini-ITX,ATX,0
AM5,LGA1700,DDR4,DDR4,106,232,650,210,Micro-ATX,ATX,0
LGA1700,AM5,DDR5,DDR5,167,361,650,338,Micro-ATX,ATX,0
AM4,AM4,DDR4,DDR4,117,235,650,210,ATX,Micro-ATX,1
AM5,AM5,DDR5,DDR5,148,238,1000,259,Micro-ATX,ATX,0
AM4,AM4,DDR4,DDR4,71,264,650,206,Micro-ATX,Micro-ATX,1
AM4,AM4,DDR4,DDR4,122,364,450,318,Micro-ATX,Mini-ITX,0
LGA1200,LGA1200,DDR4,DDR4,146,228,450,236,Micro-ATX,Mini-ITX,1
AM4,AM4,DDR4,DDR4,104,354,850,302,ATX,ATX,1
AM5,AM5,DDR5,DDR5,78,81,550,261,Mini-ITX,Micro-ATX,0
AM5,AM5,DDR5,DDR5,120,241,750,291,Micro-ATX,Mini-ITX,1
LGA1200,LGA1200,DDR4,DDR4,76,86,650,215,Micro-ATX,Mini-ITX,1
LGA1200,LGA1200,DDR4,DDR4,131,446,650,191,Mini-ITX,Mini-ITX,0
AM5,AM5,DDR5,DDR5,152,265,450,258,Mini-ITX,ATX,0
LGA1700,LGA1700,DDR5,DDR5,122,341,450,295,ATX,Micro-ATX,0
LGA1700,LGA1700,DDR4,DDR4,147,103,650,257,Micro-ATX,ATX,0
LGA1200,LGA1200,DDR4,DDR4,93,319,1000,346,Mini-ITX,ATX,0
LGA1700,LGA1200,DDR4,DDR4,156,341,850,243,ATX,ATX,0
LGA1700,LGA1700,DDR5,DDR5,66,424,1000,270,ATX,ATX,1
AM4,AM4,DDR4,DDR4,136,390,750,316,Micro-ATX,Micro-ATX,1
AM4,AM4,DDR4,DDR4,86,252,850,354,Mini-ITX,ATX,0
AM5,AM5,DDR5,DDR5,107,292,550,273,ATX,Mini-ITX,1
LGA1200,LGA1700,DDR5,DDR5,109,158,550,309,Micro-ATX,Mini-ITX,0
LGA1700,LGA1700,DDR4,DDR4,140,252,750,247,Mini-ITX,Mini-ITX,0
AM5,AM5,DDR5,DDR5,167,230,1000,321,Mini-ITX,Mini-ITX,0
AM4,AM4,DDR4,DDR4,127,302,850,211,ATX,Mini-ITX,1
LGA1200,LGA1200,DDR4,DDR4,150,121,850,208,ATX,Mini-ITX,1
AM5,AM5,DDR5,DDR5,109,177,650,181,ATX,Micro-ATX,1
AM4,AM4,DDR4,DDR4,143,365,450,216,Micro-ATX,Mini-ITX,0
AM4,AM4,DDR4,DDR4,149,123,1000,273,Micro-ATX,Mini-ITX,1
LGA1700,LGA1700,DDR5,DDR5,94,121,1000,231,ATX,Mini-ITX,1
LGA1200,LGA1200,DDR4,DDR4,127,185,650,222,ATX,Micro-ATX,1
LGA1200,LGA1200,DDR4,DDR4,131,270,850,223,Micro-ATX,Mini-ITX,1
LGA1700,LGA1700,DDR5,DDR5,88,195,650,339,Micro-ATX,Micro-ATX,0
AM4,AM4,DDR4,DDR4,102,202,850,334,ATX,Mini-ITX,1
LGA1200,LGA1200,DDR4,DDR4,76,315,1000,238,ATX,Mini-ITX,1
AM5,AM5,DDR5,DDR5,136,334,550,266,ATX,ATX,0
LGA1200,LGA1700,DDR5,DDR5,148,312,550,340,ATX,Mini-ITX,0
LGA1200,LGA1200,DDR5,DDR4,118,120,550,302,Micro-ATX,ATX,0
LGA1200,LGA1200,DDR4,DDR4,77,416,1000,336,ATX,ATX,1
LGA1200,AM4,DDR5,DDR4,75,227,1000,250,Micro-ATX,ATX,0
LGA1700,AM5,DDR5,DDR5,84,203,1000,218,Micro-ATX,Micro-ATX,0
AM5,AM5,DDR5,DDR5,155,311,750,321,ATX,ATX,1
AM5,AM5,DDR5,DDR5,131,403,850,356,Micro-ATX,Micro-ATX,0
AM4,AM5,DDR5,DDR5,70,310,1000,348,Micro-ATX,Micro-ATX,0
LGA1200,LGA1200,DDR5,DDR4,133,321,850,284,ATX,ATX,0
LGA1700,LGA1700,DDR5,DDR5,167,426,550,257,Mini-ITX,Micro-ATX,0
AM4,AM4,DDR4,DDR4,88,134,850,208,ATX,Micro-ATX,1
LGA1700,LGA1700,DDR4,DDR4,66,213,450,237,Micro-ATX,ATX,0
LGA1700,LGA1700,DDR5,DDR5,82,193,850,337,Mini-ITX,Micro-ATX,0
AM5,AM5,DDR5,DDR5,108,362,850,234,Mini-ITX,ATX,0
LGA1200,LGA1200,DDR4,DDR4,148,135,550,235,ATX,ATX,1
LGA1700,LGA1700,DDR4,DDR5,75,245,450,241,Mini-ITX,ATX,0
LGA1700,LGA1700,DDR5,DDR5,127,418,550,352,Micro-ATX,Mini-ITX,0
AM5,AM5,DDR5,DDR5,119,323,550,318,Micro-ATX,ATX,0
LGA1200,LGA1200,DDR4,DDR4,137,319,1000,306,Mini-ITX,Micro-ATX,0
AM4,AM4,DDR4,DDR4,89,437,850,315,ATX,ATX,1
AM5,AM5,DDR5,DDR5,116,300,1000,258,Micro-ATX,Mini-ITX,1
AM5,LGA1200,DDR4,DDR4,98,313,550,289,Mini-ITX,Micro-ATX,0
AM5,AM5,DDR5,DDR5,98,116,450,333,Mini-ITX,ATX,0
AM4,AM4,DDR4,DDR4,89,149,650,341,Mini-ITX,ATX,0
LGA1700,LGA1200,DDR4,DDR4,87,131,550,236,Micro-ATX,Micro-ATX,0
AM5,AM4,DDR4,DDR4,150,386,1000,208,Micro-ATX,Mini-ITX,0
LGA1200,LGA1200,DDR4,DDR4,88,364,450,277,Mini-ITX,Micro-ATX,0
AM5,AM5,DDR5,DDR5,167,300,750,189,Micro-ATX,ATX,0
LGA1700,LGA1700,DDR4,DDR4,87,420,550,272,Mini-ITX,Micro-ATX,0
AM4,AM4,DDR4,DDR4,102,216,550,254,Micro-ATX,ATX,0
AM5,AM5,DDR5,DDR5,88,224,650,265,ATX,ATX,1
AM5,LGA1200,DDR4,DDR4,83,237,650,244,ATX,Mini-ITX,0
LGA1200,LGA1200,DDR5,DDR4,108,355,1000,329,ATX,Mini-ITX,0
AM5,LGA1200,DDR4,DDR4,101,118,1000,184,Micro-ATX,ATX,0
LGA1700,LGA1700,DDR5,DDR5,89,286,850,233,Mini-ITX,ATX,0
LGA1200,LGA1700,DDR4,DDR4,112,383,550,283,Micro-ATX,Mini-ITX,0
LGA1200,LGA1200,DDR4,DDR4,143,357,650,348,ATX,ATX,1
AM4,AM4,DDR5,DDR4,164,95,650,271,Mini-ITX,Micro-ATX,0
LGA1700,LGA1700,DDR4,DDR4,148,282,750,187,Micro-ATX,Micro-ATX,1
AM4,AM4,DDR4,DDR4,96,423,550,298,ATX,ATX,0
AM5,LGA1200,DDR4,DDR4,117,162,450,334,ATX,Micro-ATX,0
LGA1200,LGA1200,DDR4,DDR4,123,194,850,347,ATX,ATX,1
AM5,LGA1200,DDR4,DDR4,126,410,850,229,ATX,Micro-ATX,0
AM4,AM4,DDR4,DDR4,74,113,450,243,ATX,Micro-ATX,1
AM5,AM5,DDR5,DDR5,73,188,1000,358,Micro-ATX,Mini-ITX,0
LGA1700,LGA1700,DDR4,DDR4,97,350,750,245,ATX,Mini-ITX,1
AM4,AM4,DDR4,DDR4,78,389,750,307,Mini-ITX,Mini-ITX,0
AM4,AM4,DDR4,DDR4,90,147,750,180,ATX,Micro-ATX,1
LGA1200,LGA1200,DDR4,DDR4,120,295,450,224,Mini-ITX,Micro-ATX,0
AM4,AM5,DDR5,DDR5,67,244,1000,236,Micro-ATX,Mini-ITX,0
LGA1700,LGA1700,DDR5,DDR5,77,119,1000,199,Mini-ITX,Mini-ITX,1
AM5,AM5,DDR4,DDR5,122,447,550,304,ATX,Mini-ITX,0
AM4,AM4,DDR4,DDR4,132,82,1000,189,Micro-ATX,Mini-ITX,1
AM4,AM4,DDR4,DDR4,72,400,550,205,Mini-ITX,Mini-ITX,0
LGA1200,LGA1200,DDR4,DDR4,90,215,750,186,Micro-ATX,ATX,0
AM4,AM4,DDR4,DDR4,77,402,450,258,ATX,Micro-ATX,0
AM5,AM5,DDR5,DDR5,70,76,650,214,ATX,ATX,1
LGA1200,LGA1200,DDR4,DDR4,99,226,850,308,Micro-ATX,Micro-ATX,1
LGA1700,LGA1700,DDR4,DDR4,131,286,550,204,Mini-ITX,ATX,0
AM4,AM4,DDR4,DDR4,97,398,750,187,Micro-ATX,Micro-ATX,1
AM4,AM4,DDR4,DDR4,115,320,450,250,ATX,ATX,0
LGA1200,LGA1700,DDR5,DDR5,101,233,850,256,Micro-ATX,ATX,0
LGA1200,LGA1200,DDR4,DDR4,133,403,1000,330,Micro-ATX,ATX,0
AM4,AM4,DDR4,DDR4,161,127,650,265,Mini-ITX,Micro-ATX,0
LGA1200,LGA1200,DDR4,DDR4,155,444,850,345,Micro-ATX,Mini-ITX,0
LGA1700,LGA1700,DDR5,DDR5,99,188,1000,357,ATX,Micro-ATX,1
LGA1200,LGA1200,DDR4,DDR4,128,283,1000,235,Micro-ATX,Micro-ATX,1
LGA1700,LGA1700,DDR4,DDR4,135,428,850,357,Micro-ATX,ATX,0
LGA1200,LGA1200,DDR4,DDR4,152,109,850,279,ATX,Micro-ATX,1
LGA1200,LGA1200,DDR4,DDR4,141,209,750,186,Mini-ITX,Micro-ATX,0
AM5,AM5,DDR5,DDR5,104,234,1000,225,Mini-ITX,Micro-ATX,0
AM5,AM5,DDR5,DDR5,132,277,450,194,Mini-ITX,ATX,0
AM5,AM5,DDR5,DDR5,148,312,1000,335,Micro-ATX,ATX,0
AM5,AM5,DDR5,DDR5,80,169,1000,318,Micro-ATX,ATX,0
AM5,AM5,DDR5,DDR5,142,242,450,252,Micro-ATX,ATX,0
LGA1200,LGA1200,DDR4,DDR4,93,386,550,229,Mini-ITX,Micro-ATX,0
LGA1700,AM4,DDR4,DDR4,154,186,650,192,Mini-ITX,Mini-ITX,0
LGA1200,LGA1200,DDR4,DDR4,143,253,1000,254,Mini-ITX,Micro-ATX,0
LGA1700,LGA1700,DDR5,DDR5,130,298,550,255,Micro-ATX,Micro-ATX,1
AM5,AM5,DDR5,DDR5,151,393,450,323,Mini-ITX,Micro-ATX,0
LGA1200,AM4,DDR4,DDR4,69,385,450,236,Micro-ATX,ATX,0
AM5,AM5,DDR5,DDR5,169,100,750,273,Mini-ITX,ATX,0
AM5,AM4,DDR4,DDR4,86,157,850,305,Mini-ITX,Mini-ITX,0
LGA1200,LGA1200,DDR4,DDR4,134,107,550,214,Micro-ATX,Micro-ATX,1
AM5,AM5,DDR5,DDR5,162,384,1000,181,Micro-ATX,ATX,0
AM5,AM5,DDR5,DDR5,96,197,650,303,ATX,ATX,1
LGA1700,LGA1700,DDR5,DDR5,142,129,450,279,Micro-ATX,Mini-ITX,1
LGA1700,LGA1700,DDR4,DDR4,117,381,1000,228,ATX,Mini-ITX,1
LGA1700,LGA1700,DDR4,DDR4,96,250,650,185,ATX,Mini-ITX,1
AM5,AM5,DDR5,DDR5,80,449,650,317,Mini-ITX,ATX,0
AM4,AM4,DDR5,DDR4,96,381,750,347,ATX,Micro-ATX,0
AM4,AM4,DDR4,DDR4,102,193,650,246,Mini-ITX,ATX,0
AM4,AM5,DDR4,DDR5,144,133,450,203,Micro-ATX,Mini-ITX,0
AM4,LGA1200,DDR4,DDR4,93,166,850,252,Micro-ATX,Mini-ITX,0
LGA1700,LGA1700,DDR4,DDR4,65,267,850,341,ATX,Mini-ITX,1
LGA1200,LGA1200,DDR4,DDR4,66,317,650,214,ATX,ATX,1
LGA1700,LGA1700,DDR5,DDR5,143,352,550,189,ATX,Mini-ITX,0
AM4,AM4,DDR4,DDR4,148,326,450,246,Micro-ATX,Micro-ATX,0
AM4,LGA1200,DDR4,DDR4,86,96,450,345,ATX,ATX,0
AM5,AM5,DDR5,DDR5,67,108,450,251,Micro-ATX,Mini-ITX,1
AM5,AM5,DDR5,DDR5,151,128,750,254,Micro-ATX,Mini-ITX,1
LGA1700,LGA1700,DDR4,DDR4,153,196,650,334,Micro-ATX,ATX,0
LGA1200,LGA1200,DDR4,DDR4,166,282,550,332,ATX,Micro-ATX,1
LGA1700,LGA1700,DDR5,DDR4,120,210,450,210,Micro-ATX,Micro-ATX,0
LGA1200,LGA1200,DDR4,DDR4,147,324,750,195,Micro-ATX,Mini-ITX,1
AM5,AM5,DDR5,DDR5,83,256,550,259,ATX,Micro-ATX,1
LGA1700,LGA1700,DDR4,DDR4,91,244,850,189,ATX,Mini-ITX,1
LGA1200,LGA1200,DDR4,DDR4,78,432,1000,325,Mini-ITX,Micro-ATX,0
AM5,AM5,DDR5,DDR5,153,230,1000,247,Mini-ITX,Micro-ATX,0
AM5,AM5,DDR5,DDR5,143,75,450,353,Micro-ATX,Micro-ATX,0
AM4,AM4,DDR4,DDR4,127,291,550,189,Mini-ITX,Mini-ITX,1
LGA1700,LGA1700,DDR4,DDR4,112,439,450,239,Micro-ATX,Micro-ATX,0
AM4,AM4,DDR5,DDR4,96,284,550,242,Mini-ITX,ATX,0
AM4,AM5,DDR5,DDR5,103,175,550,346,Mini-ITX,Mini-ITX,0
AM4,AM4,DDR4,DDR4,142,147,750,338,ATX,ATX,1
LGA1200,LGA1200,DDR4,DDR4,154,197,450,203,ATX,Mini-ITX,1
LGA1700,LGA1700,DDR5,DDR5,143,279,650,287,ATX,Mini-ITX,1
LGA1700,AM5,DDR5,DDR5,164,101,550,283,Micro-ATX,Mini-ITX,0
LGA1700,LGA1700,DDR5,DDR5,148,290,450,344,Micro-ATX,ATX,0
LGA1700,AM4,DDR4,DDR4,108,263,650,356,Micro-ATX,Micro-ATX,0
AM4,AM5,DDR5,DDR5,160,236,750,192,ATX,Micro-ATX,0
LGA1700,LGA1700,DDR4,DDR4,139,244,850,321,ATX,Mini-ITX,1
LGA1700,LGA1700,DDR5,DDR5,88,106,1000,354,Micro-ATX,Mini-ITX,0
AM4,AM4,DDR4,DDR4,122,315,450,290,Mini-ITX,ATX,0
LGA1200,LGA1700,DDR5,DDR5,145,315,550,222,Micro-ATX,Mini-ITX,0
AM4,AM4,DDR4,DDR4,155,117,650,300,Micro-ATX,ATX,0
AM4,AM4,DDR4,DDR4,139,138,650,202,Mini-ITX,Micro-ATX,0
LGA1200,LGA1200,DDR4,DDR4,151,160,850,284,Mini-ITX,ATX,0
LGA1200,LGA1200,DDR4,DDR4,78,241,850,286,ATX,Micro-ATX,1
AM5,AM5,DDR4,DDR5,148,374,450,203,Mini-ITX,Mini-ITX,0
LGA1700,LGA1700,DDR4,DDR4,78,123,450,217,Mini-ITX,Mini-ITX,1
LGA1200,AM5,DDR5,DDR5,137,387,1000,290,Micro-ATX,Mini-ITX,0
LGA1700,LGA1700,DDR4,DDR4,130,413,750,209,Mini-ITX,Micro-ATX,0
AM5,AM5,DDR5,DDR5,120,214,1000,211,Mini-ITX,Micro-ATX,0
LGA1200,LGA1200,DDR4,DDR4,109,315,550,353,Mini-ITX,ATX,0
LGA1200,LGA1200,DDR4,DDR4,90,275,750,334,ATX,Mini-ITX,1
AM4,AM4,DDR4,DDR4,135,395,750,189,Micro-ATX,Mini-ITX,1
AM4,AM4,DDR4,DDR4,134,276,450,254,Mini-ITX,Mini-ITX,0
AM5,AM5,DDR5,DDR5,153,278,850,340,Micro-ATX,ATX,0
LGA1200,LGA1200,DDR4,DDR4,107,149,750,328,ATX,Mini-ITX,1
AM4,AM4,DDR4,DDR4,99,99,550,192,Mini-ITX,Mini-ITX,1
LGA1200,LGA1200,DDR4,DDR4,169,195,650,343,ATX,ATX,1
AM4,AM5,DDR5,DDR5,145,410,850,208,Micro-ATX,Mini-ITX,0
LGA1200,LGA1200,DDR5,DDR4,82,217,550,309,ATX,Micro-ATX,0
LGA1200,LGA1200,DDR4,DDR4,118,100,450,212,Mini-ITX,Mini-ITX,1
AM5,LGA1200,DDR4,DDR4,144,218,550,316,ATX,Mini-ITX,0
AM4,AM4,DDR4,DDR4,74,355,650,257,ATX,ATX,1
AM4,AM4,DDR4,DDR4,143,203,1000,327,Micro-ATX,Mini-ITX,0
AM5,AM5,DDR5,DDR5,132,206,850,314,Mini-ITX,Mini-ITX,0
AM4,AM4,DDR4,DDR4,156,195,550,245,ATX,Mini-ITX,1
LGA1700,LGA1700,DDR4,DDR4,141,218,1000,335,Mini-ITX,ATX,0
AM5,LGA1700,DDR4,DDR4,150,404,1000,326,Mini-ITX,Mini-ITX,0
LGA1200,AM5,DDR5,DDR5,100,124,550,200,Mini-ITX,Mini-ITX,0
AM4,AM4,DDR5,DDR4,119,322,750,251,Mini-ITX,Micro-ATX,0
LGA1200,LGA1700,DDR5,DDR5,124,202,850,338,Mini-ITX,Mini-ITX,0
LGA1200,LGA1200,DDR5,DDR4,118,366,450,295,Mini-ITX,Micro-ATX,0
LGA1700,LGA1700,DDR5,DDR5,148,232,550,240,Micro-ATX,ATX,0
AM5,AM5,DDR4,DDR5,140,118,550,261,Micro-ATX,Micro-ATX,0
AM4,AM4,DDR4,DDR4,101,272,750,322,Micro-ATX,Mini-ITX,0
LGA1200,LGA1200,DDR4,DDR4,96,308,750,221,ATX,Mini-ITX,1
LGA1200,LGA1200,DDR4,DDR4,72,149,550,247,Mini-ITX,ATX,0
LGA1700,LGA1700,DDR4,DDR4,76,408,850,349,Mini-ITX,ATX,0
LGA1700,AM4,DDR5,DDR4,155,112,450,352,ATX,Micro-ATX,0
AM4,LGA1200,DDR4,DDR4,126,242,750,348,ATX,Micro-ATX,0
LGA1700,LGA1700,DDR4,DDR4,132,446,850,284,ATX,Micro-ATX,1
LGA1200,AM4,DDR4,DDR4,78,302,750,280,ATX,Micro-ATX,0
AM4,AM4,DDR4,DDR4,76,254,750,289,Micro-ATX,ATX,0
AM4,AM4,DDR4,DDR4,139,155,550,269,Mini-ITX,Mini-ITX,0
LGA1200,LGA1200,DDR4,DDR4,105,172,650,208,Mini-ITX,Mini-ITX,1
LGA1200,AM4,DDR4,DDR4,98,269,750,332,Micro-ATX,ATX,0
LGA1700,LGA1700,DDR4,DDR5,120,435,450,217,Mini-ITX,Micro-ATX,0
AM4,AM4,DDR5,DDR4,113,175,1000,280,Micro-ATX,ATX,0
LGA1700,LGA1700,DDR4,DDR5,124,114,750,275,Micro-ATX,ATX,0
LGA1700,LGA1700,DDR5,DDR4,146,373,1000,223,ATX,Micro-ATX,0
AM5,AM5,DDR5,DDR5,151,188,550,281,Micro-ATX,ATX,0
LGA1700,LGA1200,DDR4,DDR4,69,117,1000,295,ATX,Mini-ITX,0
AM5,AM5,DDR5,DDR5,88,282,450,223,Micro-ATX,Micro-ATX,1
LGA1700,LGA1700,DDR4,DDR4,137,374,450,247,Mini-ITX,Mini-ITX,0
AM4,AM4,DDR4,DDR4,121,325,750,246,Mini-ITX,Micro-ATX,0
LGA1200,LGA1200,DDR4,DDR4,101,387,450,274,Micro-ATX,ATX,0
LGA1700,LGA1700,DDR4,DDR4,72,192,550,334,ATX,ATX,1
AM4,AM4,DDR4,DDR4,166,335,550,223,ATX,Mini-ITX,0
AM4,AM4,DDR4,DDR4,96,219,650,188,Mini-ITX,Micro-ATX,0
AM5,LGA1200,DDR4,DDR4,136,358,650,242,Mini-ITX,ATX,0
AM4,AM4,DDR4,DDR4,134,169,850,290,Micro-ATX,Micro-ATX,1
LGA1700,LGA1700,DDR5,DDR5,69,275,1000,351,Micro-ATX,Micro-ATX,0
AM4,AM4,DDR4,DDR4,160,442,750,196,Micro-ATX,Mini-ITX,1
LGA1700,AM4,DDR5,DDR4,118,245,450,201,Micro-ATX,Micro-ATX,0
LGA1700,LGA1700,DDR4,DDR4,129,320,1000,333,Micro-ATX,Mini-ITX,0
AM4,LGA1200,DDR4,DDR4,161,78,550,292,Micro-ATX,ATX,0
LGA1700,LGA1700,DDR5,DDR4,143,338,1000,263,Mini-ITX,Micro-ATX,0
LGA1200,LGA1200,DDR4,DDR4,153,114,1000,322,ATX,Mini-ITX,1
AM4,AM4,DDR4,DDR4,83,93,650,226,ATX,ATX,1
AM4,AM5,DDR5,DDR5,83,181,850,219,Mini-ITX,Micro-ATX,0
AM5,AM5,DDR4,DDR5,151,448,850,275,Micro-ATX,Micro-ATX,0
LGA1200,LGA1200,DDR4,DDR4,106,238,750,308,Micro-ATX,ATX,0
LGA1700,LGA1200,DDR4,DDR4,88,211,450,348,ATX,Micro-ATX,0
LGA1700,AM4,DDR4,DDR4,158,404,650,230,ATX,Mini-ITX,0
AM5,AM5,DDR4,DDR5,116,372,550,184,ATX,Micro-ATX,0
AM4,AM4,DDR4,DDR4,70,85,550,198,Mini-ITX,ATX,0
LGA1700,LGA1700,DDR5,DDR5,102,115,1000,192,ATX,ATX,1
AM4,AM4,DDR4,DDR4,163,110,850,324,Micro-ATX,Micro-ATX,0
AM4,AM4,DDR4,DDR4,90,331,450,189,ATX,ATX,0
LGA1700,LGA1700,DDR4,DDR4,167,235,450,189,Micro-ATX,ATX,0
LGA1700,LGA1700,DDR5,DDR5,123,280,1000,228,Mini-ITX,Mini-ITX,1
AM5,AM4,DDR4,DDR4,167,91,650,348,Micro-ATX,Micro-ATX,0
AM4,AM4,DDR4,DDR4,86,432,750,254,ATX,Mini-ITX,1
AM5,AM5,DDR4,DDR5,113,75,550,190,Micro-ATX,Micro-ATX,0
AM4,AM4,DDR4,DDR4,137,167,550,271,ATX,Mini-ITX,1
AM4,AM4,DDR4,DDR4,75,182,550,295,ATX,Mini-ITX,1
AM5,AM5,DDR5,DDR5,92,177,1000,297,ATX,Mini-ITX,1
AM4,AM4,DDR4,DDR4,144,133,850,197,Micro-ATX,Micro-ATX,1
AM5,AM5,DDR5,DDR5,141,197,850,345,Mini-ITX,Mini-ITX,0
LGA1200,LGA1200,DDR4,DDR4,163,181,1000,256,ATX,ATX,1
LGA1700,LGA1700,DDR4,DDR4,96,424,450,304,ATX,Micro-ATX,0
LGA1200,LGA1200,DDR4,DDR4,154,319,750,288,Mini-ITX,Micro-ATX,0
LGA1200,LGA1200,DDR4,DDR4,106,234,750,250,Mini-ITX,Micro-ATX,0
LGA1200,AM5,DDR5,DDR5,127,209,1000,246,Mini-ITX,Micro-ATX,0
AM4,AM4,DDR4,DDR4,129,322,850,215,ATX,Mini-ITX,1
AM4,AM4,DDR4,DDR4,140,368,750,188,Mini-ITX,ATX,0
AM4,AM4,DDR4,DDR4,145,91,450,254,Micro-ATX,Mini-ITX,1
LGA1700,LGA1700,DDR4,DDR4,118,233,650,235,Micro-ATX,Micro-ATX,1
AM4,AM4,DDR4,DDR4,105,223,450,232,Mini-ITX,ATX,0
AM4,AM4,DDR4,DDR4,153,204,650,293,Micro-ATX,Mini-ITX,1
AM4,AM4,DDR4,DDR4,101,335,650,215,Micro-ATX,Micro-ATX,1
AM5,AM5,DDR5,DDR5,111,92,450,281,Micro-ATX,Micro-ATX,1
AM4,AM4,DDR4,DDR4,88,244,650,258,Micro-ATX,Mini-ITX,1
LGA1200,AM5,DDR5,DDR5,111,207,450,193,Micro-ATX,Micro-ATX,0
LGA1200,LGA1700,DDR4,DDR4,124,83,550,256,ATX,ATX,0
LGA1200,LGA1200,DDR4,DDR4,91,426,750,353,Micro-ATX,Micro-ATX,0
AM4,AM5,DDR5,DDR5,113,236,550,244,ATX,Mini-ITX,0
LGA1700,LGA1700,DDR5,DDR5,164,255,850,224,ATX,Mini-ITX,1
AM5,AM5,DDR5,DDR5,79,345,650,246,Mini-ITX,ATX,0
AM4,AM5,DDR5,DDR5,68,380,650,192,ATX,Micro-ATX,0
LGA1700,LGA1700,DDR4,DDR4,68,323,550,298,Micro-ATX,ATX,0
LGA1700,LGA1700,DDR4,DDR4,145,358,650,262,ATX,Mini-ITX,1
LGA1200,LGA1200,DDR4,DDR4,87,438,550,240,Micro-ATX,Mini-ITX,0
LGA1700,LGA1700,DDR5,DDR5,132,124,450,323,ATX,Mini-ITX,1
LGA1200,LGA1200,DDR5,DDR4,150,151,1000,269,Mini-ITX,Micro-ATX,0
LGA1700,AM4,DDR4,DDR4,73,334,650,332,ATX,Micro-ATX,0
AM4,AM4,DDR5,DDR4,69,432,1000,207,ATX,Mini-ITX,0
AM4,AM4,DDR4,DDR4,118,405,650,295,Micro-ATX,Mini-ITX,1
AM4,AM4,DDR4,DDR4,76,303,750,247,ATX,Mini-ITX,1
LGA1200,LGA1200,DDR4,DDR4,72,168,650,258,ATX,Mini-ITX,1
AM5,AM5,DDR5,DDR5,118,400,650,227,Micro-ATX,Micro-ATX,1
AM5,AM5,DDR5,DDR5,120,402,1000,343,ATX,Mini-ITX,1
AM5,AM5,DDR5,DDR5,112,437,1000,255,Mini-ITX,Micro-ATX,0
AM5,AM5,DDR5,DDR5,161,113,850,250,Micro-ATX,Mini-ITX,1
AM5,AM5,DDR5,DDR5,109,428,450,271,Mini-ITX,Micro-ATX,0
LGA1700,LGA1700,DDR4,DDR4,110,123,1000,336,Mini-ITX,Micro-ATX,0
LGA1700,LGA1700,DDR4,DDR4,77,338,650,338,ATX,ATX,1
AM5,LGA1200,DDR4,DDR4,132,151,650,233,Mini-ITX,Mini-ITX,0
AM5,AM5,DDR5,DDR5,95,126,1000,245,Micro-ATX,Micro-ATX,1
LGA1200,LGA1200,DDR5,DDR4,93,128,450,345,Mini-ITX,Micro-ATX,0
AM4,AM4,DDR4,DDR4,168,194,550,204,Micro-ATX,Micro-ATX,1
AM4,LGA1200,DDR4,DDR4,67,283,750,326,Mini-ITX,ATX,0
AM5,AM5,DDR5,DDR5,86,131,550,201,Mini-ITX,Micro-ATX,0
LGA1200,LGA1200,DDR4,DDR4,78,154,650,183,Micro-ATX,Mini-ITX,1
LGA1700,AM5,DDR5,DDR5,162,134,450,260,ATX,ATX,0
AM4,AM4,DDR4,DDR4,157,307,750,305,Mini-ITX,Micro-ATX,0
LGA1200,LGA1200,DDR4,DDR4,94,117,550,251,ATX,Micro-ATX,1
LGA1200,LGA1200,DDR4,DDR4,79,193,450,286,Mini-ITX,Micro-ATX,0
LGA1700,LGA1700,DDR4,DDR4,118,401,1000,224,Micro-ATX,Mini-ITX,1
AM5,LGA1700,DDR5,DDR5,88,81,450,224,Mini-ITX,Micro-ATX,0
AM5,AM5,DDR4,DDR5,96,95,550,346,Micro-ATX,Micro-ATX,0
AM5,AM5,DDR5,DDR5,142,252,450,310,Mini-ITX,Micro-ATX,0
AM4,AM4,DDR4,DDR4,139,199,850,306,ATX,ATX,1
LGA1700,AM5,DDR5,DDR5,91,306,1000,320,Mini-ITX,Mini-ITX,0
AM5,AM5,DDR5,DDR5,124,290,450,181,ATX,Mini-ITX,0
LGA1200,LGA1200,DDR4,DDR4,109,205,850,316,ATX,Micro-ATX,1
LGA1200,LGA1200,DDR5,DDR4,158,415,550,182,Micro-ATX,Micro-ATX,0
AM4,AM5,DDR5,DDR5,92,199,1000,284,ATX,ATX,0
LGA1200,LGA1200,DDR4,DDR4,91,252,550,247,ATX,Micro-ATX,1
LGA1700,LGA1700,DDR5,DDR5,120,404,1000,319,ATX,ATX,1
LGA1200,LGA1200,DDR4,DDR4,163,408,750,316,Mini-ITX,ATX,0
AM4,AM4,DDR4,DDR4,80,80,650,294,Mini-ITX,Mini-ITX,0
LGA1700,LGA1700,DDR4,DDR4,90,243,650,188,Mini-ITX,ATX,0
AM4,AM5,DDR5,DDR5,93,84,450,272,ATX,ATX,0
AM5,AM5,DDR5,DDR5,145,93,750,260,Micro-ATX,ATX,0
AM5,AM5,DDR5,DDR5,77,422,850,229,Mini-ITX,ATX,0
AM4,LGA1700,DDR5,DDR5,72,392,1000,186,ATX,Micro-ATX,0
AM4,AM4,DDR5,DDR4,102,165,450,331,Mini-ITX,ATX,0
LGA1200,LGA1200,DDR4,DDR4,138,129,750,337,Micro-ATX,ATX,0
AM4,AM4,DDR4,DDR4,112,273,1000,287,Micro-ATX,Mini-ITX,1
LGA1700,LGA1700,DDR5,DDR5,117,357,1000,232,Mini-ITX,ATX,0
LGA1700,LGA1700,DDR4,DDR4,128,160,750,215,Micro-ATX,Mini-ITX,1
LGA1200,AM4,DDR5,DDR4,164,300,750,314,ATX,ATX,0
AM5,AM5,DDR5,DDR5,115,86,1000,333,Mini-ITX,ATX,0
LGA1700,LGA1700,DDR5,DDR5,137,190,850,357,Mini-ITX,Mini-ITX,0
AM5,AM5,DDR5,DDR5,107,110,450,250,Micro-ATX,ATX,0
LGA1200,LGA1200,DDR4,DDR4,77,384,850,194,ATX,Micro-ATX,1
LGA1200,LGA1200,DDR4,DDR4,96,78,650,308,Micro-ATX,ATX,0
AM5,AM5,DDR5,DDR5,140,122,550,254,ATX,Mini-ITX,1
LGA1200,LGA1200,DDR4,DDR4,100,177,550,180,ATX,Micro-ATX,1
LGA1700,AM4,DDR4,DDR4,119,293,650,216,Micro-ATX,Mini-ITX,0
LGA1700,LGA1700,DDR5,DDR5,125,158,850,261,ATX,Micro-ATX,1
AM4,AM5,DDR5,DDR5,148,319,450,307,Mini-ITX,Micro-ATX,0
AM4,AM4,DDR4,DDR4,74,112,450,192,ATX,ATX,1
LGA1200,LGA1200,DDR4,DDR4,161,293,1000,293,Mini-ITX,Micro-ATX,0
LGA1700,LGA1700,DDR5,DDR5,104,369,1000,277,Mini-ITX,ATX,0
AM5,AM5,DDR4,DDR5,79,384,1000,348,ATX,Mini-ITX,0
LGA1700,LGA1200,DDR4,DDR4,115,407,1000,181,Micro-ATX,ATX,0
AM5,AM5,DDR5,DDR5,132,331,450,204,Micro-ATX,Micro-ATX,0
LGA1200,LGA1200,DDR4,DDR4,158,295,750,205,Mini-ITX,Micro-ATX,0
LGA1700,LGA1700,DDR4,DDR4,67,428,850,339,Micro-ATX,Micro-ATX,0
AM5,AM5,DDR5,DDR5,114,147,1000,338,Mini-ITX,Micro-ATX,0
AM5,AM5,DDR5,DDR5,115,121,650,309,Micro-ATX,Micro-ATX,1
LGA1200,LGA1200,DDR4,DDR4,71,120,650,262,Mini-ITX,Micro-ATX,0
AM5,AM5,DDR5,DDR5,82,236,450,207,ATX,Micro-ATX,1
LGA1200,LGA1200,DDR4,DDR4,69,310,650,331,Micro-ATX,Mini-ITX,0
AM5,AM5,DDR5,DDR5,153,390,650,183,Micro-ATX,Micro-ATX,0
AM5,AM5,DDR5,DDR5,68,221,550,186,ATX,ATX,1
AM4,AM4,DDR5,DDR4,122,278,850,333,ATX,Mini-ITX,0
AM5,AM4,DDR4,DDR4,161,298,550,322,Micro-ATX,ATX,0
AM5,AM5,DDR5,DDR5,127,361,450,352,ATX,Micro-ATX,0
AM4,AM4,DDR4,DDR4,146,245,450,304,ATX,ATX,0
AM5,AM5,DDR4,DDR5,111,390,450,245,Mini-ITX,ATX,0
LGA1200,LGA1200,DDR4,DDR4,166,91,550,286,Micro-ATX,Mini-ITX,1
LGA1200,LGA1200,DDR4,DDR4,136,84,850,244,Micro-ATX,Micro-ATX,1
LGA1200,LGA1200,DDR4,DDR4,74,293,1000,263,Mini-ITX,Mini-ITX,0
AM4,AM4,DDR4,DDR4,119,95,750,216,Micro-ATX,Micro-ATX,1
LGA1700,LGA1700,DDR4,DDR4,105,184,450,283,Micro-ATX,ATX,0
LGA1700,LGA1700,DDR5,DDR5,90,392,650,247,Mini-ITX,ATX,0
AM4,AM4,DDR4,DDR4,140,149,750,271,Mini-ITX,Mini-ITX,0
AM4,AM4,DDR4,DDR4,116,227,550,299,ATX,Micro-ATX,1
LGA1200,AM5,DDR5,DDR5,120,107,1000,302,Micro-ATX,Mini-ITX,0
LGA1200,LGA1200,DDR4,DDR4,73,201,450,199,Mini-ITX,Micro-ATX,0
AM5,AM5,DDR5,DDR5,85,121,450,184,Mini-ITX,Micro-ATX,0
LGA1700,AM5,DDR5,DDR5,116,363,750,246,Micro-ATX,Mini-ITX,0
AM4,LGA1700,DDR5,DDR5,143,260,750,291,ATX,ATX,0
LGA1200,LGA1200,DDR4,DDR4,167,172,450,222,Micro-ATX,Micro-ATX,1
LGA1200,LGA1700,DDR4,DDR5,140,127,650,226,Micro-ATX,Mini-ITX,0
AM4,AM4,DDR4,DDR4,126,150,650,351,Micro-ATX,Mini-ITX,0
LGA1200,AM5,DDR5,DDR5,99,127,450,240,Mini-ITX,ATX,0
AM4,AM4,DDR4,DDR4,99,199,550,329,Mini-ITX,Micro-ATX,0
AM4,AM4,DDR4,DDR4,96,207,550,273,Mini-ITX,ATX,0
AM5,AM5,DDR5,DDR5,133,216,750,237,Micro-ATX,ATX,0
AM5,AM5,DDR5,DDR5,163,84,1000,239,Mini-ITX,Mini-ITX,1
LGA1200,LGA1200,DDR4,DDR4,76,255,650,196,Mini-ITX,Mini-ITX,1
LGA1200,LGA1200,DDR4,DDR4,109,373,750,259,Micro-ATX,ATX,0
LGA1700,LGA1700,DDR5,DDR5,71,158,450,198,ATX,Mini-ITX,1
LGA1200,LGA1200,DDR4,DDR4,119,430,650,244,Mini-ITX,Micro-ATX,0
LGA1700,LGA1700,DDR5,DDR5,132,381,550,314,Mini-ITX,Mini-ITX,0
LGA1200,LGA1200,DDR4,DDR4,168,163,750,283,Micro-ATX,Micro-ATX,1
LGA1700,LGA1200,DDR4,DDR4,158,92,750,196,ATX,Mini-ITX,0
LGA1700,AM4,DDR4,DDR4,148,248,750,279,Micro-ATX,ATX,0
AM4,AM4,DDR4,DDR4,97,93,1000,306,ATX,Micro-ATX,1
LGA1700,LGA1700,DDR4,DDR4,138,92,850,183,Mini-ITX,Mini-ITX,1
LGA1700,LGA1700,DDR5,DDR5,93,427,650,271,Micro-ATX,ATX,0
LGA1700,LGA1700,DDR5,DDR5,146,420,850,355,Mini-ITX,Mini-ITX,0
LGA1200,LGA1200,DDR4,DDR4,77,406,750,257,Mini-ITX,ATX,0
AM5,AM5,DDR5,DDR5,79,211,550,343,ATX,Micro-ATX,1
AM5,AM5,DDR5,DDR5,83,325,450,347,Micro-ATX,ATX,0
LGA1700,LGA1700,DDR5,DDR5,127,351,850,340,Micro-ATX,Mini-ITX,0
AM4,AM5,DDR5,DDR5,123,339,850,336,ATX,Mini-ITX,0
LGA1200,LGA1700,DDR5,DDR5,93,220,850,359,ATX,Mini-ITX,0
LGA1700,LGA1700,DDR5,DDR5,70,288,450,347,ATX,ATX,1
AM5,AM5,DDR5,DDR5,81,389,1000,312,Micro-ATX,Micro-ATX,1
LGA1200,LGA1200,DDR4,DDR4,74,413,750,287,ATX,Micro-ATX,1
AM4,AM4,DDR5,DDR4,77,95,550,180,Micro-ATX,Micro-ATX,0
LGA1700,AM4,DDR4,DDR4,106,344,850,223,Mini-ITX,Mini-ITX,0
LGA1700,LGA1700,DDR4,DDR4,68,282,750,357,Micro-ATX,Mini-ITX,0
LGA1200,LGA1200,DDR4,DDR4,100,154,750,228,Micro-ATX,ATX,0
AM5,AM5,DDR5,DDR5,65,300,550,228,ATX,Micro-ATX,1
AM4,AM4,DDR4,DDR4,83,113,850,312,ATX,Mini-ITX,1
AM4,AM4,DDR4,DDR4,162,226,450,262,ATX,ATX,0
LGA1200,AM4,DDR4,DDR4,105,231,750,267,ATX,Mini-ITX,0
LGA1200,LGA1200,DDR4,DDR4,168,236,450,202,ATX,Micro-ATX,0
AM5,AM5,DDR5,DDR5,154,190,650,259,ATX,Mini-ITX,1
AM4,AM4,DDR4,DDR4,105,216,450,325,Mini-ITX,Mini-ITX,0
LGA1700,LGA1700,DDR5,DDR5,74,324,850,219,Micro-ATX,ATX,0
AM5,LGA1700,DDR4,DDR4,113,244,1000,251,ATX,ATX,0
LGA1200,AM5,DDR5,DDR5,157,153,1000,293,Mini-ITX,Mini-ITX,0
AM4,AM4,DDR4,DDR4,143,442,550,249,Micro-ATX,Mini-ITX,0
LGA1700,AM5,DDR5,DDR5,145,88,550,291,Micro-ATX,ATX,0
AM5,AM5,DDR5,DDR5,152,202,850,226,Mini-ITX,Micro-ATX,0
LGA1200,LGA1200,DDR4,DDR4,71,432,750,356,Micro-ATX,ATX,0
AM5,AM5,DDR5,DDR5,126,338,850,191,Micro-ATX,Mini-ITX,1
LGA1200,LGA1700,DDR4,DDR4,158,161,550,297,Mini-ITX,Micro-ATX,0
LGA1700,AM4,DDR4,DDR4,95,440,1000,337,ATX,Mini-ITX,0
AM5,AM5,DDR5,DDR5,96,236,750,348,ATX,Mini-ITX,1
AM5,AM5,DDR5,DDR5,124,125,650,221,ATX,Mini-ITX,1
LGA1200,LGA1200,DDR4,DDR4,81,168,850,252,ATX,Mini-ITX,1
LGA1200,AM4,DDR4,DDR4,101,348,550,288,ATX,Micro-ATX,0
AM4,LGA1700,DDR5,DDR5,79,354,650,334,Mini-ITX,Mini-ITX,0
AM5,AM5,DDR5,DDR5,85,206,650,211,Micro-ATX,Micro-ATX,1
LGA1200,AM4,DDR4,DDR4,108,321,550,268,Micro-ATX,Micro-ATX,0
AM4,AM4,DDR4,DDR4,82,350,550,296,Mini-ITX,Micro-ATX,0
AM4,AM4,DDR4,DDR4,167,420,750,238,Micro-ATX,ATX,0
LGA1200,LGA1200,DDR4,DDR4,110,160,450,186,Micro-ATX,Mini-ITX,1
AM5,AM5,DDR5,DDR5,124,322,650,274,Micro-ATX,ATX,0
LGA1700,LGA1700,DDR4,DDR5,165,305,450,252,Mini-ITX,ATX,0
LGA1700,LGA1700,DDR4,DDR4,104,404,450,277,Mini-ITX,Mini-ITX,0
LGA1700,LGA1700,DDR5,DDR5,122,411,550,243,Micro-ATX,Micro-ATX,0
LGA1700,LGA1200,DDR4,DDR4,134,278,850,336,ATX,Mini-ITX,0
LGA1700,LGA1200,DDR4,DDR4,93,169,550,259,ATX,ATX,0
LGA1700,LGA1700,DDR5,DDR5,134,350,450,222,ATX,Mini-ITX,0
AM4,LGA1200,DDR4,DDR4,96,363,550,296,Micro-ATX,Mini-ITX,0
LGA1700,LGA1200,DDR4,DDR4,103,383,650,247,Mini-ITX,Mini-ITX,0
LGA1700,LGA1700,DDR5,DDR4,68,249,850,357,ATX,Mini-ITX,0
AM4,AM4,DDR4,DDR4,129,275,750,272,ATX,Mini-ITX,1
AM5,AM5,DDR5,DDR5,129,193,650,250,Mini-ITX,Mini-ITX,0
LGA1700,LGA1700,DDR5,DDR5,162,280,550,184,Mini-ITX,Micro-ATX,0
AM4,AM4,DDR4,DDR4,70,211,1000,302,Micro-ATX,ATX,0
LGA1200,AM5,DDR5,DDR5,67,392,850,221,Mini-ITX,ATX,0
AM5,AM5,DDR5,DDR5,115,352,450,309,ATX,ATX,0
LGA1700,LGA1700,DDR4,DDR4,160,205,850,349,ATX,ATX,1
LGA1700,LGA1700,DDR4,DDR4,103,123,850,323,ATX,Micro-ATX,1
LGA1700,LGA1700,DDR5,DDR5,129,415,650,295,ATX,Micro-ATX,0
LGA1200,LGA1700,DDR5,DDR5,115,375,650,185,ATX,Mini-ITX,0
LGA1200,LGA1200,DDR4,DDR4,89,220,750,230,ATX,Micro-ATX,1
LGA1700,LGA1700,DDR5,DDR5,152,401,450,354,ATX,Micro-ATX,0
LGA1700,LGA1700,DDR4,DDR4,115,222,1000,347,Mini-ITX,Mini-ITX,0
LGA1700,AM5,DDR5,DDR5,79,178,750,256,Micro-ATX,ATX,0
AM4,AM4,DDR4,DDR4,157,286,650,347,Mini-ITX,ATX,0
LGA1700,LGA1700,DDR4,DDR4,78,280,650,231,Micro-ATX,Mini-ITX,1
AM4,AM4,DDR4,DDR4,70,81,650,312,Micro-ATX,Micro-ATX,1
AM5,AM5,DDR5,DDR5,130,134,750,351,Mini-ITX,Micro-ATX,0
AM4,AM4,DDR4,DDR4,116,175,450,183,ATX,ATX,1
LGA1700,LGA1700,DDR5,DDR5,102,383,650,213,ATX,ATX,1
LGA1200,AM4,DDR5,DDR4,162,261,550,187,Mini-ITX,Mini-ITX,0
LGA1700,AM5,DDR5,DDR5,122,98,450,352,Mini-ITX,Micro-ATX,0
AM5,AM5,DDR5,DDR5,129,217,750,350,ATX,ATX,1
LGA1700,AM4,DDR4,DDR4,146,123,650,186,Micro-ATX,ATX,0
LGA1200,LGA1200,DDR4,DDR4,92,160,850,339,Mini-ITX,Mini-ITX,0
LGA1200,LGA1200,DDR4,DDR4,128,449,550,318,Mini-ITX,Micro-ATX,0
AM5,AM5,DDR5,DDR5,91,158,750,325,ATX,ATX,1
LGA1200,LGA1200,DDR4,DDR4,119,154,850,317,ATX,Mini-ITX,1
LGA1700,LGA1700,DDR4,DDR4,104,388,650,217,ATX,Mini-ITX,1
LGA1700,LGA1700,DDR4,DDR4,120,149,450,230,Mini-ITX,Micro-ATX,0
AM4,AM4,DDR5,DDR4,121,135,550,287,Mini-ITX,Mini-ITX,0
LGA1200,LGA1200,DDR4,DDR4,152,314,450,338,ATX,Micro-ATX,0
AM5,AM5,DDR5,DDR5,75,158,650,344,Micro-ATX,Mini-ITX,0
LGA1700,LGA1200,DDR4,DDR4,140,93,850,297,Mini-ITX,Micro-ATX,0
AM5,AM5,DDR5,DDR5,103,276,550,294,ATX,ATX,1
AM5,AM5,DDR4,DDR5,121,263,850,292,Mini-ITX,Mini-ITX,0
AM4,AM4,DDR4,DDR4,83,289,850,186,Micro-ATX,Mini-ITX,1
LGA1700,LGA1700,DDR5,DDR5,66,142,1000,320,ATX,Micro-ATX,1
AM5,AM4,DDR4,DDR4,150,247,650,249,Micro-ATX,Micro-ATX,0
AM4,AM4,DDR4,DDR4,115,212,1000,275,Micro-ATX,ATX,0
LGA1200,LGA1200,DDR4,DDR4,95,96,850,251,ATX,Mini-ITX,1
AM4,AM4,DDR4,DDR4,84,430,650,359,ATX,Mini-ITX,1
AM4,AM4,DDR4,DDR4,162,199,850,270,Micro-ATX,Micro-ATX,1
AM5,AM5,DDR5,DDR5,67,289,550,246,Micro-ATX,Mini-ITX,1
LGA1700,AM5,DDR5,DDR5,143,308,450,285,ATX,Micro-ATX,0
LGA1700,LGA1700,DDR5,DDR5,115,343,850,272,ATX,Mini-ITX,1
AM5,AM5,DDR5,DDR5,135,406,450,277,Micro-ATX,ATX,0
AM5,AM5,DDR5,DDR5,78,161,750,320,Mini-ITX,Mini-ITX,0
LGA1700,LGA1700,DDR4,DDR4,145,107,550,250,Mini-ITX,ATX,0
AM5,AM5,DDR5,DDR5,100,383,450,203,ATX,ATX,0
AM5,AM5,DDR5,DDR5,164,169,1000,265,Micro-ATX,Mini-ITX,1
AM5,AM5,DDR5,DDR5,94,117,850,181,ATX,Mini-ITX,1
LGA1700,LGA1700,DDR5,DDR5,131,331,1000,345,ATX,ATX,1
LGA1700,AM5,DDR5,DDR5,160,102,550,202,ATX,ATX,0
AM5,AM5,DDR5,DDR5,68,322,750,203,Mini-ITX,Micro-ATX,0
LGA1200,LGA1200,DDR5,DDR4,72,155,650,182,ATX,Mini-ITX,0
LGA1200,LGA1700,DDR4,DDR4,150,212,450,226,Mini-ITX,Mini-ITX,0
LGA1700,AM4,DDR4,DDR4,166,216,450,206,Micro-ATX,Mini-ITX,0
LGA1700,LGA1700,DDR5,DDR5,130,414,1000,327,ATX,Mini-ITX,1
AM4,LGA1700,DDR5,DDR5,96,267,650,252,Micro-ATX,ATX,0
LGA1200,AM4,DDR4,DDR4,118,237,1000,182,Mini-ITX,Mini-ITX,0
LGA1200,LGA1200,DDR4,DDR4,147,411,650,318,ATX,Mini-ITX,0
AM4,AM4,DDR4,DDR4,135,402,850,241,ATX,Micro-ATX,1
LGA1700,LGA1200,DDR4,DDR4,153,196,850,261,ATX,Mini-ITX,0
AM4,AM4,DDR4,DDR4,82,430,750,342,Mini-ITX,ATX,0
AM5,AM5,DDR5,DDR5,153,427,1000,292,Micro-ATX,Micro-ATX,1
AM4,AM4,DDR4,DDR4,147,430,750,283,Micro-ATX,Micro-ATX,1
AM4,AM4,DDR4,DDR4,128,339,850,304,ATX,ATX,1
AM5,AM5,DDR5,DDR5,71,439,850,304,Mini-ITX,Mini-ITX,0
AM4,AM4,DDR4,DDR4,115,155,550,317,ATX,Mini-ITX,1
LGA1200,LGA1200,DDR4,DDR4,146,366,650,210,Mini-ITX,Mini-ITX,1
LGA1700,AM5,DDR5,DDR5,80,374,850,264,Micro-ATX,Micro-ATX,0
LGA1700,LGA1700,DDR5,DDR5,169,374,1000,289,Micro-ATX,Micro-ATX,1
AM5,AM5,DDR5,DDR5,123,436,550,344,Micro-ATX,Mini-ITX,0
AM5,AM5,DDR5,DDR5,169,271,1000,322,ATX,Mini-ITX,1
LGA1200,LGA1200,DDR4,DDR4,134,215,650,246,ATX,ATX,1
AM4,AM4,DDR4,DDR4,109,222,550,233,Micro-ATX,ATX,0
AM5,AM4,DDR4,DDR4,76,434,450,187,Micro-ATX,Mini-ITX,0
LGA1700,LGA1700,DDR4,DDR4,109,148,550,299,Micro-ATX,Micro-ATX,1
AM5,AM5,DDR5,DDR5,103,367,850,256,ATX,ATX,1
AM4,AM4,DDR4,DDR4,93,158,850,315,Mini-ITX,Micro-ATX,0
AM5,AM5,DDR4,DDR5,70,286,650,323,Mini-ITX,Mini-ITX,0
AM5,AM5,DDR5,DDR5,161,300,650,207,Mini-ITX,Micro-ATX,0
LGA1200,LGA1200,DDR4,DDR4,111,101,850,275,Micro-ATX,Micro-ATX,1
LGA1700,LGA1700,DDR4,DDR4,74,278,750,320,Micro-ATX,Micro-ATX,1
LGA1200,AM4,DDR4,DDR4,147,76,750,334,Micro-ATX,ATX,0
AM5,AM5,DDR5,DDR5,154,148,1000,286,Mini-ITX,Mini-ITX,0
AM5,LGA1700,DDR4,DDR4,95,205,650,281,Mini-ITX,Micro-ATX,0
LGA1700,LGA1700,DDR5,DDR5,115,313,550,180,Mini-ITX,Mini-ITX,1
AM4,AM5,DDR5,DDR5,111,94,550,196,Mini-ITX,ATX,0
LGA1700,LGA1700,DDR5,DDR5,112,150,650,337,Micro-ATX,ATX,0
LGA1700,LGA1700,DDR4,DDR4,95,418,550,226,Micro-ATX,Mini-ITX,0
LGA1200,LGA1200,DDR5,DDR4,121,444,550,245,Mini-ITX,ATX,0
LGA1700,LGA1700,DDR5,DDR5,108,133,850,190,ATX,Mini-ITX,1
LGA1200,LGA1200,DDR4,DDR4,166,148,750,324,Mini-ITX,Micro-ATX,0
LGA1700,LGA1700,DDR4,DDR4,119,367,850,241,ATX,Mini-ITX,1
LGA1200,LGA1200,DDR4,DDR4,68,332,850,288,ATX,Mini-ITX,1
LGA1700,LGA1700,DDR4,DDR4,123,211,1000,302,Micro-ATX,Mini-ITX,1
LGA1700,LGA1700,DDR5,DDR5,98,288,1000,289,ATX,Mini-ITX,1
LGA1200,LGA1200,DDR5,DDR4,84,134,1000,260,Mini-ITX,Micro-ATX,0
AM4,AM4,DDR4,DDR4,111,201,550,226,ATX,Mini-ITX,1
AM5,AM5,DDR5,DDR5,107,175,850,192,Micro-ATX,Micro-ATX,1
LGA1700,LGA1700,DDR4,DDR4,161,182,650,218,ATX,Mini-ITX,1
AM5,LGA1700,DDR4,DDR4,126,90,550,323,Mini-ITX,ATX,0
AM4,AM4,DDR4,DDR4,142,357,750,336,ATX,Mini-ITX,1
AM4,AM4,DDR4,DDR4,143,249,550,183,Mini-ITX,ATX,0
LGA1200,LGA1200,DDR4,DDR4,126,446,450,359,ATX,Mini-ITX,0
AM4,AM4,DDR4,DDR4,68,318,450,319,ATX,Mini-ITX,0
LGA1700,LGA1700,DDR5,DDR5,75,198,850,307,ATX,ATX,1
LGA1700,LGA1700,DDR4,DDR4,92,339,650,298,ATX,Micro-ATX,1
AM5,AM5,DDR5,DDR5,160,415,650,321,Micro-ATX,Micro-ATX,0
LGA1700,LGA1700,DDR5,DDR5,165,209,650,306,Micro-ATX,Mini-ITX,1
LGA1200,LGA1200,DDR4,DDR4,84,217,750,351,Mini-ITX,ATX,0
LGA1700,LGA1700,DDR5,DDR5,168,336,650,257,Mini-ITX,Mini-ITX,0
LGA1200,LGA1700,DDR5,DDR5,150,423,550,257,Micro-ATX,Micro-ATX,0
LGA1700,AM5,DDR5,DDR5,73,392,450,214,ATX,ATX,0
LGA1700,LGA1700,DDR4,DDR4,148,186,450,280,Mini-ITX,ATX,0
LGA1200,LGA1200,DDR4,DDR4,82,127,550,319,ATX,ATX,1
AM4,AM4,DDR4,DDR4,141,211,450,303,ATX,Micro-ATX,1
LGA1700,LGA1700,DDR4,DDR5,108,405,550,260,Mini-ITX,Mini-ITX,0
LGA1700,LGA1700,DDR4,DDR4,158,300,1000,326,Mini-ITX,Micro-ATX,0
AM5,AM5,DDR5,DDR5,98,427,850,205,ATX,ATX,1
AM5,LGA1700,DDR4,DDR4,136,266,750,332,Mini-ITX,ATX,0
AM5,AM5,DDR5,DDR5,69,259,750,308,ATX,ATX,1
LGA1200,LGA1200,DDR5,DDR4,108,413,650,259,Mini-ITX,Micro-ATX,0
AM4,LGA1200,DDR5,DDR4,145,358,550,326,Mini-ITX,Micro-ATX,0
LGA1200,LGA1200,DDR4,DDR4,123,380,1000,228,ATX,Micro-ATX,1
LGA1200,LGA1200,DDR4,DDR4,100,125,650,266,ATX,ATX,1
LGA1700,LGA1700,DDR5,DDR5,94,225,450,324,Mini-ITX,ATX,0
LGA1700,LGA1700,DDR5,DDR4,80,295,550,353,Micro-ATX,Mini-ITX,0
AM4,AM4,DDR4,DDR4,136,294,550,272,Mini-ITX,ATX,0
LGA1700,LGA1700,DDR5,DDR5,130,292,550,229,Mini-ITX,ATX,0
AM5,AM5,DDR5,DDR5,140,220,1000,311,ATX,Mini-ITX,1
LGA1200,LGA1200,DDR4,DDR4,127,128,750,324,ATX,Micro-ATX,1
AM4,LGA1200,DDR4,DDR4,110,427,450,218,Mini-ITX,Micro-ATX,0
AM4,AM4,DDR5,DDR4,113,233,1000,319,ATX,Mini-ITX,0
LGA1700,AM5,DDR5,DDR5,122,413,650,249,Mini-ITX,Mini-ITX,0
LGA1200,LGA1200,DDR4,DDR4,163,87,750,251,ATX,Mini-ITX,1
LGA1700,AM4,DDR4,DDR4,132,144,750,293,Mini-ITX,Micro-ATX,0
LGA1200,LGA1200,DDR4,DDR4,111,229,1000,202,ATX,Mini-ITX,1
AM4,AM4,DDR4,DDR4,109,213,650,323,Mini-ITX,ATX,0
AM5,AM5,DDR5,DDR5,119,441,750,358,Micro-ATX,ATX,0
LGA1700,LGA1700,DDR5,DDR5,146,122,750,327,Mini-ITX,Mini-ITX,0
AM4,AM4,DDR4,DDR4,83,128,650,313,ATX,ATX,1
AM5,AM5,DDR4,DDR5,111,104,1000,275,Micro-ATX,Micro-ATX,0
AM4,AM4,DDR4,DDR4,162,244,850,186,Mini-ITX,ATX,0
LGA1700,LGA1700,DDR4,DDR5,85,300,650,288,Micro-ATX,ATX,0
LGA1700,AM5,DDR5,DDR5,162,122,850,348,ATX,Micro-ATX,0
LGA1200,LGA1200,DDR4,DDR4,100,214,650,350,Micro-ATX,Mini-ITX,0
LGA1700,LGA1700,DDR5,DDR5,164,229,650,320,Mini-ITX,ATX,0
LGA1700,LGA1700,DDR5,DDR5,66,375,550,328,Mini-ITX,ATX,0
AM4,AM4,DDR4,DDR4,109,238,850,236,ATX,ATX,1
AM5,AM5,DDR5,DDR5,136,201,850,288,Micro-ATX,Micro-ATX,1
LGA1200,LGA1200,DDR4,DDR4,159,109,750,272,ATX,Micro-ATX,1
LGA1700,LGA1700,DDR5,DDR4,91,401,750,218,Mini-ITX,ATX,0
AM5,AM5,DDR5,DDR5,101,148,550,235,ATX,Mini-ITX,1
AM5,AM5,DDR5,DDR5,122,441,1000,216,ATX,Micro-ATX,1
LGA1200,LGA1200,DDR4,DDR4,166,144,750,214,ATX,Mini-ITX,1
LGA1200,LGA1200,DDR4,DDR4,143,277,550,250,Mini-ITX,ATX,0
LGA1200,LGA1200,DDR4,DDR4,144,275,650,200,Mini-ITX,Mini-ITX,1
AM5,AM5,DDR5,DDR5,108,375,550,300,Mini-ITX,Mini-ITX,0
AM4,AM4,DDR4,DDR4,119,347,750,319,ATX,Micro-ATX,1
AM5,AM5,DDR5,DDR5,80,442,1000,226,Mini-ITX,Micro-ATX,0
LGA1200,LGA1200,DDR4,DDR4,96,326,650,331,Micro-ATX,ATX,0
LGA1200,LGA1200,DDR5,DDR4,135,387,750,221,ATX,ATX,0
AM4,AM4,DDR4,DDR4,125,371,850,350,ATX,Mini-ITX,1
LGA1200,LGA1200,DDR4,DDR4,93,229,450,325,Mini-ITX,ATX,0
AM4,AM5,DDR5,DDR5,133,278,550,290,Mini-ITX,ATX,0
LGA1700,AM4,DDR4,DDR4,98,270,750,300,Mini-ITX,Micro-ATX,0
LGA1200,AM4,DDR4,DDR4,103,85,1000,244,ATX,Micro-ATX,0
AM4,AM4,DDR4,DDR4,68,94,750,251,ATX,ATX,1
LGA1200,LGA1700,DDR4,DDR4,137,276,850,288,ATX,Micro-ATX,0
LGA1200,LGA1200,DDR4,DDR4,69,106,850,328,Micro-ATX,Mini-ITX,0
LGA1200,LGA1700,DDR5,DDR5,163,322,850,327,Micro-ATX,Mini-ITX,0
AM5,AM5,DDR5,DDR5,141,410,550,299,Micro-ATX,Mini-ITX,0
AM5,LGA1200,DDR4,DDR4,162,270,650,191,Micro-ATX,Micro-ATX,0
AM5,AM5,DDR5,DDR5,131,137,450,252,Micro-ATX,Mini-ITX,1
AM4,AM4,DDR4,DDR4,101,429,1000,199,Micro-ATX,Mini-ITX,1
AM4,AM4,DDR4,DDR4,155,327,450,229,Mini-ITX,ATX,0
AM4,AM5,DDR5,DDR5,163,157,750,263,Mini-ITX,Mini-ITX,0
LGA1200,LGA1200,DDR4,DDR4,77,313,650,198,Mini-ITX,Mini-ITX,1
LGA1200,LGA1200,DDR4,DDR4,82,190,1000,216,Micro-ATX,Micro-ATX,1
AM5,LGA1200,DDR4,DDR4,145,235,1000,186,ATX,Micro-ATX,0
LGA1200,AM4,DDR5,DDR4,87,395,850,182,Micro-ATX,Micro-ATX,0
LGA1200,LGA1200,DDR4,DDR4,74,314,1000,194,Mini-ITX,Micro-ATX,0
AM4,AM4,DDR4,DDR4,103,116,450,252,Micro-ATX,Mini-ITX,1
AM5,AM5,DDR5,DDR5,82,421,650,279,Mini-ITX,ATX,0
LGA1700,LGA1700,DDR5,DDR5,79,79,450,307,Mini-ITX,Micro-ATX,0
LGA1200,LGA1700,DDR4,DDR4,132,373,450,301,Mini-ITX,ATX,0
AM5,AM5,DDR5,DDR5,159,338,1000,269,Micro-ATX,Micro-ATX,1
AM5,AM5,DDR5,DDR5,77,190,850,278,Micro-ATX,ATX,0
AM4,AM4,DDR4,DDR4,93,152,1000,252,ATX,Micro-ATX,1
LGA1700,LGA1700,DDR4,DDR4,152,220,650,299,Micro-ATX,ATX,0
LGA1700,LGA1700,DDR5,DDR5,97,202,650,204,Mini-ITX,ATX,0
LGA1700,LGA1700,DDR5,DDR5,124,117,650,245,Micro-ATX,ATX,0
LGA1700,LGA1700,DDR4,DDR4,121,345,850,336,Mini-ITX,Mini-ITX,0
LGA1200,LGA1200,DDR4,DDR4,136,295,750,330,Mini-ITX,Mini-ITX,0
LGA1200,LGA1200,DDR4,DDR4,151,399,1000,303,Mini-ITX,Mini-ITX,0
LGA1700,LGA1700,DDR4,DDR4,131,187,450,232,Mini-ITX,Micro-ATX,0
LGA1200,AM4,DDR4,DDR4,100,161,550,182,Mini-ITX,Micro-ATX,0
LGA1700,AM4,DDR4,DDR4,100,272,850,280,ATX,Micro-ATX,0
LGA1200,LGA1200,DDR4,DDR4,87,84,650,338,Micro-ATX,Micro-ATX,0
LGA1200,LGA1200,DDR4,DDR4,106,374,650,348,ATX,ATX,1
LGA1700,LGA1700,DDR5,DDR5,113,229,1000,335,Mini-ITX,ATX,0
AM4,AM4,DDR4,DDR4,110,198,850,357,Mini-ITX,Micro-ATX,0
AM4,AM4,DDR5,DDR4,85,263,450,236,Mini-ITX,ATX,0
LGA1200,LGA1200,DDR4,DDR4,68,419,650,297,Micro-ATX,Micro-ATX,1
AM5,AM5,DDR5,DDR5,153,83,650,188,Micro-ATX,Mini-ITX,1
LGA1700,LGA1700,DDR4,DDR4,150,231,850,184,ATX,ATX,1
AM5,AM4,DDR4,DDR4,71,180,850,325,ATX,ATX,0
LGA1200,AM4,DDR4,DDR4,104,365,850,330,Micro-ATX,Mini-ITX,0
LGA1200,AM4,DDR4,DDR4,100,152,750,347,Mini-ITX,Micro-ATX,0
AM4,AM4,DDR4,DDR4,158,79,450,205,Mini-ITX,ATX,0
LGA1700,LGA1700,DDR4,DDR5,148,135,1000,287,Micro-ATX,Mini-ITX,0
AM5,AM5,DDR5,DDR5,94,167,1000,272,Mini-ITX,ATX,0
AM5,AM5,DDR5,DDR5,95,435,750,250,ATX,Micro-ATX,1
LGA1700,LGA1700,DDR5,DDR5,67,114,650,291,ATX,Micro-ATX,1
LGA1700,LGA1700,DDR5,DDR5,70,387,450,327,ATX,Mini-ITX,0
LGA1200,LGA1200,DDR4,DDR4,143,234,450,344,ATX,Mini-ITX,0
LGA1200,LGA1700,DDR4,DDR4,91,430,850,200,ATX,ATX,0
AM4,AM4,DDR4,DDR4,84,439,1000,332,Micro-ATX,Micro-ATX,0
LGA1700,LGA1200,DDR4,DDR4,122,352,750,240,Micro-ATX,Micro-ATX,0
LGA1700,LGA1700,DDR5,DDR5,80,206,850,337,Mini-ITX,Micro-ATX,0
AM5,LGA1200,DDR4,DDR4,96,432,1000,211,ATX,Micro-ATX,0
AM5,AM5,DDR5,DDR5,112,385,850,215,Mini-ITX,Micro-ATX,0
LGA1700,LGA1200,DDR4,DDR4,149,240,1000,216,Micro-ATX,Mini-ITX,0
AM4,AM4,DDR4,DDR4,65,133,650,285,ATX,Micro-ATX,1
AM5,AM5,DDR5,DDR5,126,210,650,205,ATX,Micro-ATX,1
LGA1700,LGA1700,DDR4,DDR4,126,91,650,336,Micro-ATX,Micro-ATX,0
AM4,AM4,DDR4,DDR4,152,318,750,256,ATX,Micro-ATX,1
LGA1200,LGA1200,DDR4,DDR4,121,209,1000,263,Micro-ATX,Micro-ATX,1
AM5,AM5,DDR5,DDR5,133,172,1000,209,ATX,ATX,1
AM4,AM4,DDR4,DDR4,141,307,450,352,Micro-ATX,Mini-ITX,0
LGA1700,LGA1700,DDR5,DDR5,83,107,1000,212,Micro-ATX,ATX,0
AM4,AM4,DDR4,DDR4,151,93,1000,234,Micro-ATX,Mini-ITX,1
AM5,AM5,DDR5,DDR5,99,268,650,180,Mini-ITX,Micro-ATX,0
AM5,AM5,DDR5,DDR5,76,354,650,181,Micro-ATX,ATX,0
AM4,AM4,DDR4,DDR4,71,146,550,216,ATX,Mini-ITX,1
AM5,AM5,DDR5,DDR5,108,247,450,296,ATX,ATX,1
LGA1700,LGA1200,DDR4,DDR4,87,203,550,217,ATX,ATX,0
LGA1700,LGA1700,DDR4,DDR4,98,177,650,230,Mini-ITX,Mini-ITX,1
AM5,AM5,DDR5,DDR5,161,233,650,268,Mini-ITX,ATX,0
LGA1700,AM4,DDR4,DDR4,72,302,1000,261,ATX,Micro-ATX,0
AM4,AM4,DDR4,DDR4,146,380,850,300,Mini-ITX,ATX,0
AM4,AM4,DDR4,DDR4,155,243,550,312,ATX,Micro-ATX,1
LGA1200,LGA1200,DDR4,DDR4,74,384,850,271,Micro-ATX,ATX,0
AM4,AM4,DDR4,DDR4,126,258,550,206,Micro-ATX,Micro-ATX,1
LGA1700,LGA1700,DDR4,DDR4,88,281,650,217,Mini-ITX,Micro-ATX,0
AM5,AM5,DDR5,DDR5,115,286,450,288,ATX,ATX,0
AM5,AM5,DDR4,DDR5,74,343,650,180,Mini-ITX,ATX,0
AM5,AM5,DDR5,DDR5,85,447,450,262,Mini-ITX,ATX,0
AM5,AM5,DDR5,DDR5,143,240,1000,337,Mini-ITX,Mini-ITX,0
AM5,AM5,DDR5,DDR5,76,158,450,275,Micro-ATX,Micro-ATX,1
LGA1700,AM5,DDR5,DDR5,144,276,850,240,ATX,Mini-ITX,0
LGA1200,LGA1200,DDR4,DDR4,132,325,550,311,Mini-ITX,Mini-ITX,0
LGA1700,LGA1700,DDR5,DDR5,65,367,850,278,Micro-ATX,Mini-ITX,1
AM5,AM5,DDR4,DDR5,79,404,550,216,ATX,Micro-ATX,0
AM4,AM4,DDR4,DDR4,160,298,450,198,Mini-ITX,ATX,0
AM4,AM4,DDR4,DDR4,134,115,850,345,Mini-ITX,ATX,0
LGA1700,LGA1700,DDR4,DDR5,123,329,650,315,ATX,Mini-ITX,0
AM4,AM4,DDR4,DDR4,96,399,450,222,ATX,Micro-ATX,0
AM5,AM4,DDR4,DDR4,115,347,450,221,ATX,Micro-ATX,0
AM4,AM4,DDR5,DDR4,149,407,550,333,ATX,ATX,0
LGA1700,LGA1700,DDR5,DDR5,114,254,750,288,ATX,ATX,1
AM5,AM5,DDR5,DDR5,107,352,450,355,ATX,Micro-ATX,0
LGA1200,LGA1200,DDR4,DDR4,67,370,550,343,Mini-ITX,Mini-ITX,0
LGA1200,LGA1200,DDR4,DDR4,65,435,750,350,Micro-ATX,ATX,0
LGA1700,LGA1200,DDR5,DDR4,159,96,650,195,Micro-ATX,Mini-ITX,0
LGA1700,LGA1200,DDR5,DDR4,70,345,750,352,Micro-ATX,ATX,0
LGA1700,LGA1700,DDR5,DDR5,122,108,750,282,Mini-ITX,Micro-ATX,0
AM5,AM5,DDR5,DDR5,73,426,550,283,Mini-ITX,ATX,0
AM4,AM4,DDR4,DDR4,159,299,550,320,ATX,Micro-ATX,1
LGA1700,LGA1700,DDR4,DDR5,167,177,650,214,ATX,ATX,0
AM4,AM4,DDR4,DDR4,128,144,550,338,ATX,Mini-ITX,1
LGA1200,LGA1200,DDR4,DDR4,91,371,650,354,Mini-ITX,Micro-ATX,0
LGA1700,LGA1700,DDR5,DDR5,114,389,650,264,Micro-ATX,Micro-ATX,1
LGA1700,LGA1700,DDR4,DDR4,156,89,850,249,ATX,Mini-ITX,1
AM5,AM4,DDR4,DDR4,137,203,650,206,Mini-ITX,ATX,0
LGA1200,LGA1200,DDR4,DDR4,80,262,850,207,Mini-ITX,ATX,0
AM5,LGA1700,DDR4,DDR5,73,339,850,315,ATX,ATX,0
AM4,AM4,DDR4,DDR4,106,285,550,351,ATX,Mini-ITX,1
AM4,AM4,DDR4,DDR4,147,336,650,240,Mini-ITX,Mini-ITX,1
AM4,AM4,DDR5,DDR4,111,338,550,333,Micro-ATX,ATX,0
LGA1700,LGA1700,DDR5,DDR5,107,438,550,306,Micro-ATX,Mini-ITX,0
AM4,LGA1200,DDR4,DDR4,143,324,850,229,ATX,ATX,0
AM5,AM5,DDR5,DDR5,91,355,850,353,Mini-ITX,Micro-ATX,0
LGA1700,LGA1700,DDR4,DDR4,66,128,750,353,Micro-ATX,Mini-ITX,0
AM5,AM5,DDR5,DDR5,165,297,650,234,Mini-ITX,Micro-ATX,0
AM4,AM4,DDR4,DDR4,92,361,1000,321,Micro-ATX,Mini-ITX,0
LGA1200,AM4,DDR4,DDR4,111,134,550,233,ATX,Micro-ATX,0
AM5,AM5,DDR5,DDR5,140,214,550,301,Mini-ITX,Micro-ATX,0
LGA1700,LGA1700,DDR4,DDR4,167,215,550,307,Micro-ATX,Micro-ATX,1
LGA1700,LGA1700,DDR4,DDR4,108,194,850,344,Mini-ITX,Micro-ATX,0
AM5,AM5,DDR5,DDR5,153,96,450,233,Mini-ITX,ATX,0
AM4,AM4,DDR4,DDR4,95,309,850,275,Mini-ITX,Micro-ATX,0
AM5,LGA1700,DDR4,DDR4,127,263,550,343,Mini-ITX,ATX,0
AM4,AM4,DDR5,DDR4,83,385,450,321,Micro-ATX,ATX,0
AM5,AM4,DDR4,DDR4,152,115,1000,322,Micro-ATX,Mini-ITX,0
LGA1200,LGA1200,DDR4,DDR4,116,86,750,181,Mini-ITX,Mini-ITX,1
LGA1200,LGA1200,DDR4,DDR4,77,321,450,304,Micro-ATX,Mini-ITX,0
LGA1700,AM4,DDR4,DDR4,81,391,550,297,ATX,Micro-ATX,0
LGA1700,LGA1700,DDR4,DDR5,128,415,650,267,Mini-ITX,Mini-ITX,0
AM4,LGA1700,DDR4,DDR4,151,311,450,244,Micro-ATX,Micro-ATX,0
LGA1200,LGA1200,DDR4,DDR4,113,109,550,279,Mini-ITX,ATX,0
LGA1700,LGA1700,DDR4,DDR4,69,155,450,307,Micro-ATX,Mini-ITX,1
LGA1700,LGA1700,DDR4,DDR4,71,108,650,261,Mini-ITX,Micro-ATX,0
AM5,AM5,DDR5,DDR5,67,419,750,321,ATX,Mini-ITX,1
AM5,AM5,DDR5,DDR5,85,87,650,330,Mini-ITX,Mini-ITX,0
LGA1700,LGA1700,DDR4,DDR5,85,213,750,228,Micro-ATX,ATX,0
LGA1700,LGA1700,DDR4,DDR4,101,101,550,302,Micro-ATX,ATX,0
LGA1700,LGA1700,DDR4,DDR4,137,355,450,347,Micro-ATX,Mini-ITX,0
AM5,AM5,DDR5,DDR5,159,152,1000,184,ATX,ATX,1
LGA1700,AM5,DDR5,DDR5,142,234,1000,299,ATX,Micro-ATX,0
AM5,AM5,DDR5,DDR5,78,383,750,327,Micro-ATX,ATX,0
AM5,AM5,DDR4,DDR5,97,444,750,210,Micro-ATX,ATX,0
LGA1700,LGA1200,DDR4,DDR4,141,273,650,236,Mini-ITX,Mini-ITX,0
AM5,AM4,DDR4,DDR4,103,371,650,191,Micro-ATX,Micro-ATX,0
LGA1200,LGA1200,DDR4,DDR4,169,306,850,333,Micro-ATX,Micro-ATX,0
AM4,LGA1200,DDR4,DDR4,80,397,650,352,Mini-ITX,ATX,0
AM5,AM5,DDR5,DDR5,129,88,450,187,Mini-ITX,ATX,0
AM5,AM5,DDR5,DDR5,108,335,450,269,Mini-ITX,Micro-ATX,0
LGA1200,LGA1200,DDR4,DDR4,98,86,1000,306,ATX,ATX,1
LGA1700,LGA1700,DDR5,DDR5,140,176,650,190,Micro-ATX,ATX,0
AM4,AM4,DDR4,DDR4,137,270,550,355,Mini-ITX,Micro-ATX,0
AM4,AM4,DDR4,DDR4,161,183,550,217,Micro-ATX,ATX,0
AM5,AM4,DDR4,DDR4,136,221,650,218,Micro-ATX,Mini-ITX,0
LGA1700,LGA1700,DDR5,DDR5,82,179,550,247,Mini-ITX,Micro-ATX,0
AM4,AM4,DDR5,DDR4,169,117,650,188,Micro-ATX,Micro-ATX,0
LGA1200,LGA1200,DDR4,DDR4,130,112,750,252,Mini-ITX,Mini-ITX,0
AM4,LGA1200,DDR4,DDR4,146,303,650,315,Micro-ATX,Micro-ATX,0
LGA1700,LGA1700,DDR4,DDR4,131,171,850,267,ATX,ATX,1
AM5,AM5,DDR5,DDR5,124,352,650,264,ATX,Micro-ATX,1
LGA1200,LGA1200,DDR4,DDR4,67,85,850,331,Mini-ITX,Micro-ATX,0
LGA1200,LGA1200,DDR4,DDR4,108,78,1000,319,Micro-ATX,Mini-ITX,1
AM4,AM4,DDR4,DDR4,148,353,1000,356,Mini-ITX,Mini-ITX,0
AM4,AM4,DDR5,DDR4,157,197,450,240,ATX,Mini-ITX,0
AM5,AM4,DDR4,DDR4,146,370,850,227,Micro-ATX,Mini-ITX,0
AM4,LGA1200,DDR5,DDR4,145,118,550,234,Micro-ATX,Micro-ATX,0
AM4,LGA1700,DDR5,DDR5,165,411,650,280,ATX,Mini-ITX,0
AM5,AM5,DDR5,DDR5,115,251,1000,245,Micro-ATX,Micro-ATX,1
AM4,AM4,DDR4,DDR4,152,293,850,341,Mini-ITX,ATX,0
LGA1200,LGA1200,DDR4,DDR4,86,412,550,250,Micro-ATX,Micro-ATX,0
AM5,AM5,DDR5,DDR5,168,157,1000,250,ATX,ATX,1
LGA1700,LGA1700,DDR5,DDR5,96,402,550,191,Mini-ITX,Mini-ITX,0
LGA1200,LGA1200,DDR4,DDR4,161,82,450,300,Mini-ITX,ATX,0
AM4,AM4,DDR5,DDR4,164,160,1000,260,Micro-ATX,ATX,0
AM4,AM4,DDR4,DDR4,128,402,450,280,Mini-ITX,Micro-ATX,0
AM4,AM4,DDR4,DDR4,149,338,450,194,ATX,ATX,0
LGA1700,LGA1700,DDR4,DDR4,133,265,450,232,Mini-ITX,Mini-ITX,0
AM5,AM5,DDR5,DDR5,110,80,850,263,Micro-ATX,Mini-ITX,1
LGA1700,LGA1700,DDR5,DDR5,144,160,850,280,ATX,ATX,1
LGA1200,LGA1200,DDR5,DDR4,109,407,850,240,Mini-ITX,Mini-ITX,0
AM4,AM4,DDR4,DDR4,110,125,550,302,Mini-ITX,Micro-ATX,0
LGA1700,LGA1700,DDR5,DDR5,118,94,1000,288,ATX,Micro-ATX,1
AM5,AM5,DDR5,DDR5,69,215,750,209,Mini-ITX,Micro-ATX,0
AM5,AM5,DDR5,DDR5,132,192,550,189,Mini-ITX,ATX,0
LGA1700,LGA1700,DDR5,DDR5,66,291,450,251,ATX,Mini-ITX,1
LGA1200,LGA1200,DDR5,DDR4,109,265,850,242,Mini-ITX,Mini-ITX,0
AM4,AM4,DDR5,DDR4,71,318,750,289,Mini-ITX,ATX,0
LGA1700,LGA1700,DDR4,DDR4,124,267,450,317,ATX,ATX,0
AM5,LGA1700,DDR5,DDR5,86,408,1000,195,ATX,Mini-ITX,0
AM4,AM4,DDR4,DDR4,166,283,1000,183,ATX,ATX,1
AM5,AM5,DDR5,DDR5,102,232,1000,268,Micro-ATX,Mini-ITX,1
AM4,AM4,DDR4,DDR4,100,381,550,223,Mini-ITX,ATX,0
AM5,LGA1700,DDR4,DDR4,123,140,850,216,Mini-ITX,Micro-ATX,0
LGA1700,AM4,DDR4,DDR4,147,145,750,294,Micro-ATX,Micro-ATX,0
LGA1700,LGA1700,DDR5,DDR5,139,358,650,308,ATX,Micro-ATX,1
LGA1700,LGA1700,DDR5,DDR5,100,94,550,290,Mini-ITX,Micro-ATX,0
LGA1200,LGA1200,DDR4,DDR4,111,351,750,274,Micro-ATX,Mini-ITX,1
AM4,AM4,DDR4,DDR4,70,226,550,231,Micro-ATX,Mini-ITX,1
LGA1200,LGA1200,DDR4,DDR4,90,333,650,330,ATX,Micro-ATX,1
LGA1700,LGA1700,DDR4,DDR4,163,364,550,280,Mini-ITX,ATX,0
LGA1700,LGA1700,DDR5,DDR5,83,286,550,350,Micro-ATX,Mini-ITX,0
AM5,AM5,DDR5,DDR5,80,278,850,274,ATX,ATX,1
AM5,AM5,DDR5,DDR5,128,375,650,300,ATX,Micro-ATX,1
AM4,AM4,DDR4,DDR4,79,364,750,248,Mini-ITX,Micro-ATX,0
LGA1200,LGA1200,DDR4,DDR4,84,133,650,355,ATX,ATX,1
LGA1200,LGA1200,DDR4,DDR4,86,297,550,283,Mini-ITX,Mini-ITX,0
AM4,AM4,DDR4,DDR4,161,211,550,355,Mini-ITX,Micro-ATX,0
LGA1200,LGA1200,DDR4,DDR4,144,429,1000,278,Micro-ATX,Mini-ITX,1
LGA1200,LGA1200,DDR4,DDR4,167,169,1000,295,ATX,Micro-ATX,1
AM4,LGA1200,DDR4,DDR4,109,430,450,339,Micro-ATX,Micro-ATX,0
LGA1700,LGA1700,DDR4,DDR4,129,115,850,355,Micro-ATX,ATX,0
AM5,AM5,DDR5,DDR5,137,156,550,347,Micro-ATX,Mini-ITX,0
LGA1700,LGA1700,DDR5,DDR5,84,107,450,208,Micro-ATX,ATX,0
AM5,AM5,DDR4,DDR5,83,272,1000,328,Mini-ITX,Micro-ATX,0
AM5,AM5,DDR5,DDR5,154,418,1000,292,Mini-ITX,ATX,0
LGA1200,LGA1200,DDR4,DDR4,118,113,750,186,ATX,Micro-ATX,1
LGA1200,LGA1200,DDR4,DDR4,65,314,650,353,ATX,Micro-ATX,1
AM4,AM4,DDR5,DDR4,96,163,550,307,ATX,ATX,0
AM4,LGA1200,DDR4,DDR4,116,271,450,287,ATX,ATX,0
AM5,AM5,DDR5,DDR5,135,267,450,352,Mini-ITX,ATX,0
AM4,AM4,DDR4,DDR4,133,129,450,183,Mini-ITX,Micro-ATX,0
AM5,AM5,DDR5,DDR5,132,308,850,218,ATX,Micro-ATX,1
AM4,AM4,DDR4,DDR4,169,283,650,224,Mini-ITX,Mini-ITX,1
AM5,AM5,DDR5,DDR5,72,83,750,251,Micro-ATX,ATX,0
LGA1700,LGA1700,DDR4,DDR4,123,134,850,261,ATX,Micro-ATX,1
AM4,AM4,DDR4,DDR4,71,268,850,358,Mini-ITX,Micro-ATX,0
LGA1200,LGA1200,DDR4,DDR4,158,365,1000,204,Mini-ITX,Mini-ITX,1
AM5,AM4,DDR4,DDR4,164,259,550,267,ATX,ATX,0
LGA1200,AM5,DDR5,DDR5,83,273,850,215,ATX,Mini-ITX,0
LGA1200,LGA1200,DDR4,DDR4,111,265,450,275,Micro-ATX,Mini-ITX,0
AM4,AM5,DDR5,DDR5,157,312,650,222,ATX,ATX,0
AM4,AM4,DDR4,DDR4,110,127,750,345,Mini-ITX,ATX,0
AM4,AM5,DDR5,DDR5,164,355,850,206,Mini-ITX,Mini-ITX,0
AM4,AM4,DDR4,DDR4,134,443,850,314,Mini-ITX,Mini-ITX,0
AM4,AM4,DDR4,DDR4,98,84,1000,282,Mini-ITX,Mini-ITX,0
LGA1700,LGA1700,DDR5,DDR5,84,129,1000,341,Mini-ITX,ATX,0
LGA1200,LGA1200,DDR4,DDR4,155,85,750,222,ATX,ATX,1
AM5,LGA1200,DDR4,DDR4,149,264,850,183,Mini-ITX,Micro-ATX,0
LGA1200,LGA1200,DDR4,DDR4,139,424,750,251,Micro-ATX,Micro-ATX,1
AM5,AM5,DDR5,DDR5,120,103,1000,313,ATX,Mini-ITX,1
LGA1200,LGA1200,DDR5,DDR4,94,160,1000,270,Mini-ITX,Micro-ATX,0
LGA1700,LGA1700,DDR5,DDR5,76,168,850,262,Micro-ATX,ATX,0
AM5,AM5,DDR5,DDR5,163,434,1000,232,Micro-ATX,ATX,0
LGA1200,AM4,DDR4,DDR4,75,77,450,190,Micro-ATX,ATX,0
AM4,LGA1700,DDR4,DDR4,101,218,1000,263,ATX,Micro-ATX,0
AM4,AM4,DDR4,DDR4,81,303,450,219,Mini-ITX,ATX,0
AM5,AM5,DDR5,DDR5,109,358,750,346,Mini-ITX,Mini-ITX,0
AM5,LGA1700,DDR4,DDR5,110,374,850,180,Micro-ATX,Micro-ATX,0
AM4,AM4,DDR4,DDR4,74,77,450,311,Mini-ITX,Mini-ITX,0
AM4,AM4,DDR4,DDR4,115,415,850,191,ATX,ATX,1
AM5,AM5,DDR5,DDR5,96,144,650,323,Mini-ITX,Micro-ATX,0
AM4,AM4,DDR4,DDR4,132,84,650,212,Micro-ATX,Micro-ATX,1
AM5,AM5,DDR5,DDR5,134,122,750,358,Micro-ATX,Mini-ITX,0
LGA1200,AM4,DDR5,DDR4,108,389,750,203,ATX,Mini-ITX,0
LGA1200,LGA1200,DDR4,DDR4,158,411,750,293,Micro-ATX,Mini-ITX,1
LGA1700,LGA1700,DDR5,DDR5,73,264,1000,268,ATX,ATX,1
LGA1700,LGA1700,DDR5,DDR5,112,440,550,352,Micro-ATX,Micro-ATX,0
LGA1700,LGA1700,DDR5,DDR5,104,106,850,245,Micro-ATX,Micro-ATX,1
LGA1200,LGA1200,DDR4,DDR4,90,321,850,304,ATX,Mini-ITX,1
AM5,AM5,DDR5,DDR5,84,346,550,201,Micro-ATX,ATX,0
LGA1700,LGA1700,DDR5,DDR5,104,328,1000,291,ATX,Mini-ITX,1
AM4,AM4,DDR4,DDR4,122,146,550,289,Mini-ITX,ATX,0
AM4,AM4,DDR4,DDR4,95,197,450,277,Micro-ATX,ATX,0
LGA1700,AM5,DDR4,DDR5,117,333,550,190,ATX,Micro-ATX,0
AM5,AM5,DDR5,DDR5,145,328,750,297,ATX,Micro-ATX,1
LGA1200,LGA1200,DDR4,DDR4,146,76,750,251,ATX,Mini-ITX,1
LGA1700,LGA1200,DDR4,DDR4,138,243,550,249,Micro-ATX,ATX,0
LGA1200,LGA1200,DDR4,DDR4,160,333,750,228,Mini-ITX,ATX,0
AM4,LGA1200,DDR5,DDR4,108,78,750,210,Micro-ATX,Micro-ATX,0
AM4,LGA1200,DDR4,DDR4,150,154,1000,213,Mini-ITX,Micro-ATX,0
LGA1700,LGA1700,DDR4,DDR4,105,220,650,182,ATX,Mini-ITX,1
AM5,AM5,DDR5,DDR5,144,134,650,199,Micro-ATX,ATX,0
LGA1200,LGA1200,DDR4,DDR4,134,137,750,199,ATX,Micro-ATX,1
LGA1700,LGA1700,DDR4,DDR4,162,426,650,283,ATX,ATX,0
LGA1200,LGA1200,DDR5,DDR4,69,421,850,244,Micro-ATX,ATX,0
AM4,AM4,DDR4,DDR4,80,385,850,335,Micro-ATX,ATX,0
AM5,AM5,DDR5,DDR5,102,433,750,257,Micro-ATX,Micro-ATX,1
AM4,AM4,DDR5,DDR4,145,89,450,344,ATX,Micro-ATX,0
LGA1200,LGA1200,DDR5,DDR4,101,278,1000,328,Micro-ATX,Micro-ATX,0
LGA1200,LGA1200,DDR5,DDR4,74,159,650,216,Micro-ATX,Mini-ITX,0
LGA1200,LGA1200,DDR4,DDR4,117,83,750,359,Mini-ITX,Micro-ATX,0
AM5,AM5,DDR5,DDR5,76,425,1000,221,ATX,Mini-ITX,1
AM5,AM5,DDR5,DDR5,95,229,650,199,Mini-ITX,Mini-ITX,1
AM5,AM5,DDR5,DDR5,86,344,450,197,ATX,ATX,0
LGA1200,LGA1200,DDR4,DDR4,87,372,650,271,Mini-ITX,ATX,0
LGA1200,LGA1200,DDR4,DDR4,136,167,1000,200,ATX,ATX,1
AM5,AM5,DDR4,DDR5,139,307,1000,324,ATX,Micro-ATX,0
LGA1200,LGA1200,DDR4,DDR4,85,88,850,327,Micro-ATX,ATX,0
AM4,AM4,DDR4,DDR4,131,291,1000,240,Mini-ITX,Mini-ITX,1
AM5,AM5,DDR5,DDR5,85,354,550,204,ATX,Micro-ATX,1
AM4,AM4,DDR4,DDR4,100,283,450,200,Mini-ITX,Micro-ATX,0
AM4,AM4,DDR4,DDR4,133,307,850,212,ATX,Micro-ATX,1
LGA1200,LGA1200,DDR5,DDR4,126,201,750,295,Mini-ITX,ATX,0
LGA1700,LGA1700,DDR4,DDR4,76,231,550,303,ATX,Micro-ATX,1
LGA1200,LGA1200,DDR4,DDR4,144,434,750,329,Micro-ATX,Mini-ITX,0
LGA1700,LGA1700,DDR4,DDR4,116,205,750,246,Micro-ATX,ATX,0
AM5,AM5,DDR5,DDR5,102,348,450,209,Micro-ATX,Micro-ATX,0
AM5,AM4,DDR4,DDR4,139,251,450,306,ATX,Micro-ATX,0
AM4,AM4,DDR4,DDR4,84,280,550,261,Mini-ITX,ATX,0
LGA1700,LGA1700,DDR4,DDR4,160,113,1000,294,Micro-ATX,Mini-ITX,1
AM5,AM5,DDR5,DDR5,163,181,850,236,ATX,Mini-ITX,1
LGA1700,LGA1700,DDR4,DDR4,82,389,1000,217,Micro-ATX,Micro-ATX,1
LGA1700,LGA1200,DDR4,DDR4,141,321,1000,276,Mini-ITX,Micro-ATX,0
LGA1200,LGA1200,DDR4,DDR4,98,276,1000,182,ATX,Micro-ATX,1
AM5,AM5,DDR5,DDR5,130,334,650,308,Micro-ATX,ATX,0
AM5,AM4,DDR4,DDR4,139,312,450,237,Mini-ITX,Mini-ITX,0
AM5,AM5,DDR5,DDR5,83,409,650,316,Mini-ITX,Micro-ATX,0
LGA1200,AM4,DDR4,DDR4,112,101,550,283,Micro-ATX,Mini-ITX,0
AM4,AM5,DDR5,DDR5,96,114,750,274,Micro-ATX,Mini-ITX,0
AM5,AM5,DDR5,DDR5,137,354,550,280,Micro-ATX,ATX,0
AM4,LGA1700,DDR4,DDR4,119,319,450,191,Mini-ITX,ATX,0
LGA1700,LGA1700,DDR5,DDR5,82,138,650,298,Mini-ITX,Mini-ITX,0
AM4,AM4,DDR4,DDR4,77,400,550,298,Mini-ITX,ATX,0
LGA1200,LGA1200,DDR4,DDR4,166,244,1000,317,Mini-ITX,Micro-ATX,0
LGA1200,LGA1200,DDR4,DDR4,133,363,550,211,Mini-ITX,Micro-ATX,0
LGA1200,LGA1200,DDR4,DDR4,110,186,850,238,Micro-ATX,Mini-ITX,1
AM5,AM5,DDR4,DDR5,78,278,550,261,Micro-ATX,ATX,0
AM4,AM4,DDR4,DDR4,72,93,450,247,ATX,ATX,1
AM5,AM5,DDR5,DDR5,78,181,650,343,Mini-ITX,Mini-ITX,0
AM4,AM4,DDR4,DDR4,123,173,550,236,Mini-ITX,Micro-ATX,0
LGA1700,LGA1700,DDR5,DDR5,69,218,850,303,ATX,Mini-ITX,1
AM4,AM4,DDR5,DDR4,65,107,450,254,Micro-ATX,Mini-ITX,0
LGA1700,LGA1700,DDR5,DDR5,159,132,650,259,Micro-ATX,ATX,0
AM5,AM5,DDR4,DDR5,98,414,850,204,ATX,ATX,0
LGA1700,LGA1700,DDR5,DDR5,121,370,1000,330,Mini-ITX,Micro-ATX,0
LGA1200,AM4,DDR4,DDR4,80,434,550,329,Mini-ITX,Mini-ITX,0
AM4,AM4,DDR4,DDR4,107,108,750,311,Micro-ATX,ATX,0
LGA1700,LGA1700,DDR4,DDR4,129,180,450,247,ATX,Mini-ITX,1
AM4,AM4,DDR4,DDR4,101,166,750,219,ATX,Mini-ITX,1
LGA1700,LGA1700,DDR4,DDR4,147,75,650,345,Micro-ATX,ATX,0
AM5,AM5,DDR5,DDR5,146,319,1000,318,ATX,Micro-ATX,1
LGA1700,AM5,DDR5,DDR5,69,266,650,217,Mini-ITX,ATX,0
AM4,AM4,DDR4,DDR4,102,399,450,183,Micro-ATX,ATX,0
LGA1700,LGA1700,DDR4,DDR4,137,174,450,188,Mini-ITX,Micro-ATX,0
LGA1200,LGA1700,DDR5,DDR5,143,352,650,310,Mini-ITX,Mini-ITX,0
LGA1700,LGA1700,DDR4,DDR4,113,272,1000,317,Micro-ATX,Micro-ATX,1
LGA1700,AM5,DDR5,DDR5,130,382,450,211,Micro-ATX,Micro-ATX,0
LGA1700,LGA1700,DDR4,DDR4,90,163,850,240,ATX,ATX,1
LGA1700,LGA1700,DDR5,DDR5,149,89,750,347,ATX,Mini-ITX,1
AM4,LGA1200,DDR4,DDR4,108,334,550,235,ATX,Mini-ITX,0
AM4,AM4,DDR4,DDR4,125,388,450,353,ATX,ATX,0
AM4,AM4,DDR4,DDR4,90,113,650,221,ATX,Micro-ATX,1
LGA1200,LGA1200,DDR4,DDR4,89,394,1000,288,ATX,Micro-ATX,1
AM5,AM5,DDR5,DDR5,84,123,650,257,ATX,Mini-ITX,1
LGA1200,LGA1200,DDR5,DDR4,111,339,1000,288,ATX,ATX,0
AM4,AM4,DDR4,DDR4,158,273,450,213,ATX,ATX,0
LGA1200,LGA1200,DDR4,DDR4,101,236,750,263,Mini-ITX,Mini-ITX,0
AM5,AM5,DDR5,DDR5,90,151,750,252,Micro-ATX,Mini-ITX,1
LGA1700,AM5,DDR5,DDR5,128,234,450,218,Mini-ITX,ATX,0
AM4,AM4,DDR4,DDR4,130,289,750,359,ATX,Mini-ITX,1
AM4,AM4,DDR4,DDR4,154,224,1000,212,Micro-ATX,Mini-ITX,1
LGA1200,LGA1200,DDR4,DDR4,150,292,650,219,Micro-ATX,ATX,0
LGA1700,LGA1700,DDR4,DDR4,84,408,850,249,ATX,Mini-ITX,1
LGA1700,LGA1700,DDR5,DDR5,133,424,750,288,Mini-ITX,Mini-ITX,0
AM4,AM5,DDR4,DDR5,167,362,450,357,Mini-ITX,ATX,0
AM5,AM5,DDR5,DDR5,122,324,650,235,Mini-ITX,Micro-ATX,0
AM5,AM5,DDR5,DDR5,155,353,550,264,Micro-ATX,Mini-ITX,0
LGA1200,LGA1200,DDR4,DDR4,115,411,850,258,Mini-ITX,Micro-ATX,0
LGA1700,LGA1700,DDR5,DDR5,136,362,550,341,Mini-ITX,Micro-ATX,0
AM5,AM5,DDR5,DDR5,89,376,450,278,ATX,ATX,0
AM4,LGA1200,DDR4,DDR4,146,214,550,350,Micro-ATX,Micro-ATX,0
AM4,AM4,DDR4,DDR4,150,83,1000,327,Micro-ATX,Mini-ITX,0
AM4,AM4,DDR4,DDR4,97,341,450,348,ATX,Micro-ATX,0
LGA1700,LGA1700,DDR5,DDR5,135,317,750,259,ATX,ATX,1
AM5,AM5,DDR5,DDR5,162,427,450,295,Micro-ATX,Mini-ITX,0
LGA1700,LGA1700,DDR4,DDR4,116,326,1000,296,Micro-ATX,ATX,0
LGA1200,LGA1200,DDR4,DDR4,118,330,750,237,ATX,Micro-ATX,1
LGA1200,LGA1200,DDR4,DDR4,164,81,650,310,Mini-ITX,ATX,0
LGA1700,LGA1700,DDR4,DDR4,167,306,650,267,Micro-ATX,ATX,0
LGA1700,LGA1700,DDR5,DDR5,96,76,850,292,Micro-ATX,ATX,0
AM4,AM4,DDR4,DDR4,88,161,550,344,Micro-ATX,Mini-ITX,0
LGA1200,LGA1200,DDR4,DDR4,109,75,1000,234,Micro-ATX,Mini-ITX,1
LGA1700,LGA1700,DDR5,DDR5,154,160,450,345,ATX,Micro-ATX,1
AM5,AM5,DDR5,DDR5,147,114,650,280,Mini-ITX,Mini-ITX,0
LGA1700,LGA1700,DDR5,DDR5,106,424,1000,307,Micro-ATX,ATX,0
AM4,LGA1700,DDR4,DDR4,105,429,550,237,Micro-ATX,Mini-ITX,0
AM5,AM5,DDR5,DDR5,66,362,850,330,ATX,Micro-ATX,1
LGA1200,LGA1200,DDR4,DDR4,72,355,550,340,Mini-ITX,ATX,0
LGA1200,LGA1200,DDR5,DDR4,132,379,550,338,Micro-ATX,ATX,0
AM4,AM4,DDR4,DDR4,131,441,550,305,Micro-ATX,ATX,0
LGA1200,LGA1200,DDR5,DDR4,156,195,650,221,Mini-ITX,Mini-ITX,0
LGA1700,AM4,DDR4,DDR4,103,416,550,321,Micro-ATX,Mini-ITX,0
LGA1200,AM5,DDR5,DDR5,126,208,450,276,Mini-ITX,ATX,0
LGA1700,AM4,DDR4,DDR4,82,257,1000,263,ATX,Mini-ITX,0
AM4,AM4,DDR4,DDR4,112,432,550,343,Micro-ATX,Mini-ITX,0
AM4,AM4,DDR4,DDR4,99,237,850,353,Mini-ITX,Micro-ATX,0
AM4,AM4,DDR4,DDR4,76,428,450,328,Micro-ATX,Micro-ATX,0
LGA1700,LGA1700,DDR5,DDR5,101,156,850,192,Micro-ATX,Micro-ATX,1
LGA1200,AM4,DDR4,DDR4,114,422,850,301,ATX,Mini-ITX,0
LGA1200,LGA1200,DDR4,DDR4,80,283,750,275,Mini-ITX,Mini-ITX,0
AM4,AM4,DDR4,DDR4,81,363,750,345,ATX,Micro-ATX,1
LGA1700,AM4,DDR4,DDR4,100,429,750,220,Mini-ITX,Mini-ITX,0
AM4,AM4,DDR4,DDR4,153,140,850,329,Mini-ITX,ATX,0
AM5,AM5,DDR5,DDR5,163,309,650,250,Micro-ATX,Micro-ATX,1
LGA1200,LGA1200,DDR4,DDR4,109,95,550,312,ATX,ATX,1
LGA1200,LGA1200,DDR4,DDR4,145,251,550,257,ATX,Mini-ITX,1
AM4,LGA1700,DDR5,DDR5,79,302,450,213,Mini-ITX,Micro-ATX,0
LGA1700,LGA1700,DDR4,DDR4,149,395,550,234,Micro-ATX,ATX,0
AM4,AM4,DDR5,DDR4,99,402,650,322,Mini-ITX,Micro-ATX,0
LGA1700,LGA1700,DDR5,DDR4,164,440,850,286,ATX,Mini-ITX,0
AM4,AM4,DDR4,DDR4,79,92,650,220,ATX,ATX,1
LGA1700,AM4,DDR4,DDR4,146,337,650,287,Mini-ITX,Micro-ATX,0
LGA1700,LGA1700,DDR4,DDR4,136,348,450,237,Mini-ITX,Micro-ATX,0
LGA1700,LGA1700,DDR4,DDR5,90,312,450,294,Micro-ATX,ATX,0
LGA1700,LGA1200,DDR4,DDR4,159,191,850,305,Micro-ATX,Mini-ITX,0
LGA1200,LGA1200,DDR4,DDR4,84,195,1000,269,Micro-ATX,Mini-ITX,1
AM5,AM5,DDR5,DDR5,92,198,650,219,Mini-ITX,Micro-ATX,0
AM4,AM4,DDR4,DDR4,155,336,450,316,Mini-ITX,Micro-ATX,0
AM4,AM4,DDR4,DDR4,115,282,1000,219,Mini-ITX,Micro-ATX,0
AM4,AM4,DDR4,DDR4,157,86,450,212,Micro-ATX,ATX,0
LGA1200,AM4,DDR4,DDR4,72,358,650,350,ATX,Micro-ATX,0
AM4,AM5,DDR5,DDR5,117,235,850,269,Micro-ATX,Mini-ITX,0
LGA1700,LGA1200,DDR4,DDR4,123,273,550,329,Mini-ITX,Mini-ITX,0
LGA1700,AM5,DDR5,DDR5,118,87,450,307,ATX,ATX,0
LGA1200,LGA1200,DDR4,DDR4,65,301,650,338,ATX,Mini-ITX,1
AM4,AM4,DDR4,DDR4,145,202,850,310,ATX,ATX,1
LGA1700,LGA1200,DDR4,DDR4,122,244,850,215,Mini-ITX,Mini-ITX,0
AM5,AM5,DDR5,DDR5,100,305,850,233,ATX,Micro-ATX,1
LGA1700,LGA1700,DDR5,DDR5,65,140,650,230,Mini-ITX,ATX,0
LGA1200,AM4,DDR4,DDR4,140,103,750,238,Mini-ITX,ATX,0
LGA1200,LGA1200,DDR4,DDR4,97,341,1000,357,Micro-ATX,ATX,0
AM5,AM5,DDR5,DDR5,113,85,850,299,Micro-ATX,Micro-ATX,1
LGA1200,LGA1700,DDR5,DDR4,146,444,750,199,Micro-ATX,ATX,0
LGA1200,LGA1200,DDR4,DDR4,69,192,550,227,Mini-ITX,Mini-ITX,1
LGA1700,LGA1700,DDR4,DDR4,123,389,850,267,Mini-ITX,Mini-ITX,0
AM5,AM5,DDR5,DDR5,159,219,550,344,Mini-ITX,ATX,0
LGA1700,LGA1700,DDR5,DDR5,91,293,850,207,Mini-ITX,ATX,0
AM4,AM4,DDR4,DDR4,156,294,850,206,ATX,Micro-ATX,1
LGA1200,LGA1200,DDR4,DDR4,157,152,650,332,Micro-ATX,Mini-ITX,0
LGA1700,LGA1700,DDR4,DDR5,118,400,850,312,ATX,ATX,0
AM4,AM4,DDR4,DDR4,94,381,1000,274,Mini-ITX,Mini-ITX,0
AM4,AM4,DDR4,DDR4,80,147,550,228,Mini-ITX,Micro-ATX,0
LGA1200,LGA1200,DDR4,DDR4,73,297,450,191,Micro-ATX,Micro-ATX,1
LGA1700,LGA1700,DDR5,DDR5,123,160,750,348,Micro-ATX,Micro-ATX,0
AM5,AM5,DDR5,DDR5,126,323,450,292,ATX,Micro-ATX,0
LGA1700,AM4,DDR4,DDR4,92,441,1000,357,ATX,ATX,0
AM4,AM4,DDR4,DDR4,85,318,750,304,ATX,Micro-ATX,1
LGA1200,LGA1200,DDR5,DDR4,113,90,450,236,ATX,Mini-ITX,0
LGA1700,LGA1700,DDR4,DDR4,76,341,1000,201,Mini-ITX,Mini-ITX,1
AM5,AM5,DDR5,DDR5,146,365,850,181,ATX,Micro-ATX,1
LGA1200,AM5,DDR4,DDR5,111,264,550,261,ATX,Micro-ATX,0
AM4,LGA1700,DDR5,DDR5,159,166,750,199,Mini-ITX,Mini-ITX,0
LGA1700,LGA1700,DDR4,DDR5,152,187,550,217,Micro-ATX,Micro-ATX,0
LGA1700,LGA1700,DDR4,DDR4,86,335,850,355,Micro-ATX,Micro-ATX,0
LGA1200,AM4,DDR4,DDR4,130,448,550,281,ATX,ATX,0
LGA1200,LGA1200,DDR4,DDR4,164,114,550,334,Mini-ITX,Mini-ITX,0
LGA1700,LGA1200,DDR4,DDR4,72,270,850,332,ATX,Micro-ATX,0
LGA1200,LGA1200,DDR4,DDR4,71,353,1000,194,Micro-ATX,ATX,0
LGA1700,AM5,DDR4,DDR5,111,83,1000,198,Mini-ITX,ATX,0
LGA1700,LGA1700,DDR4,DDR4,166,166,550,191,Mini-ITX,Mini-ITX,1
LGA1700,AM4,DDR4,DDR4,139,225,750,239,Micro-ATX,Mini-ITX,0
LGA1700,AM4,DDR4,DDR4,166,300,750,321,Mini-ITX,ATX,0
AM4,AM4,DDR4,DDR4,79,343,650,246,Mini-ITX,ATX,0
LGA1700,LGA1700,DDR4,DDR4,159,381,650,205,ATX,Micro-ATX,1
LGA1200,AM4,DDR4,DDR4,118,412,450,356,Mini-ITX,Micro-ATX,0
LGA1700,LGA1700,DDR4,DDR4,161,174,1000,355,Micro-ATX,Micro-ATX,0
AM5,AM5,DDR5,DDR5,129,382,650,263,ATX,ATX,1
AM4,AM5,DDR5,DDR5,119,358,450,346,Mini-ITX,Mini-ITX,0
AM4,AM4,DDR4,DDR4,164,211,1000,241,ATX,Mini-ITX,1
AM4,AM5,DDR5,DDR5,137,336,450,272,Micro-ATX,Micro-ATX,0
LGA1200,LGA1200,DDR4,DDR4,67,281,550,339,Mini-ITX,Mini-ITX,0
LGA1200,LGA1200,DDR4,DDR4,107,340,650,349,ATX,Micro-ATX,1
LGA1700,LGA1700,DDR4,DDR4,100,202,450,309,ATX,Micro-ATX,1
LGA1700,LGA1700,DDR4,DDR4,96,172,650,341,Micro-ATX,Micro-ATX,0
LGA1200,LGA1200,DDR4,DDR4,140,230,1000,187,Mini-ITX,Micro-ATX,0
AM5,AM4,DDR5,DDR4,84,376,750,187,Mini-ITX,Mini-ITX,0
AM4,LGA1200,DDR4,DDR4,110,377,750,296,Mini-ITX,Micro-ATX,0
AM4,AM4,DDR5,DDR4,145,326,850,231,Mini-ITX,Mini-ITX,0
AM4,AM4,DDR4,DDR4,124,156,450,332,Mini-ITX,Micro-ATX,0
AM5,LGA1700,DDR5,DDR5,90,320,850,273,ATX,Mini-ITX,0
LGA1200,LGA1200,DDR4,DDR4,104,235,550,294,Mini-ITX,Mini-ITX,0
LGA1700,AM5,DDR5,DDR5,160,238,650,209,Micro-ATX,Micro-ATX,0
LGA1200,AM5,DDR5,DDR5,99,102,550,343,Micro-ATX,Micro-ATX,0
LGA1200,LGA1700,DDR4,DDR4,139,170,850,204,ATX,Micro-ATX,0
AM4,AM4,DDR4,DDR4,156,419,850,208,ATX,ATX,1
AM5,AM5,DDR5,DDR5,73,174,750,201,ATX,Micro-ATX,1
AM5,AM5,DDR5,DDR5,99,411,1000,257,ATX,Micro-ATX,1
LGA1700,AM5,DDR5,DDR5,77,401,650,238,Micro-ATX,Mini-ITX,0
AM5,AM5,DDR5,DDR5,98,82,550,302,Mini-ITX,ATX,0
LGA1700,LGA1700,DDR5,DDR5,85,116,550,338,Mini-ITX,ATX,0
LGA1700,LGA1700,DDR5,DDR5,156,325,750,338,ATX,Mini-ITX,1
LGA1700,LGA1700,DDR4,DDR4,96,94,850,301,Micro-ATX,ATX,0
LGA1200,AM5,DDR5,DDR5,158,325,1000,290,Mini-ITX,Mini-ITX,0
AM4,AM4,DDR4,DDR4,147,235,450,245,ATX,Micro-ATX,0
LGA1700,LGA1700,DDR5,DDR5,95,319,450,269,Micro-ATX,ATX,0
LGA1200,LGA1200,DDR4,DDR4,103,313,1000,195,Micro-ATX,ATX,0
LGA1700,LGA1700,DDR4,DDR4,165,132,650,180,ATX,ATX,1
AM4,LGA1200,DDR4,DDR4,90,284,550,222,Mini-ITX,Micro-ATX,0
LGA1200,LGA1700,DDR4,DDR5,115,98,550,318,ATX,ATX,0
AM5,AM4,DDR4,DDR4,67,232,850,272,ATX,Mini-ITX,0
AM4,AM4,DDR4,DDR4,133,127,650,206,Micro-ATX,ATX,0
LGA1700,LGA1700,DDR5,DDR5,153,414,550,337,Micro-ATX,ATX,0
AM5,AM5,DDR5,DDR5,92,188,550,325,Mini-ITX,Micro-ATX,0
LGA1200,LGA1200,DDR4,DDR4,68,406,450,310,Micro-ATX,Mini-ITX,0
LGA1700,AM4,DDR5,DDR4,165,410,750,240,Micro-ATX,Mini-ITX,0
AM5,AM4,DDR4,DDR4,161,147,550,331,ATX,Micro-ATX,0
LGA1700,LGA1700,DDR4,DDR4,88,427,650,270,Micro-ATX,ATX,0
LGA1700,LGA1700,DDR4,DDR4,146,322,550,286,ATX,Micro-ATX,0
AM4,AM4,DDR4,DDR4,129,259,450,224,ATX,Mini-ITX,0
LGA1700,LGA1700,DDR5,DDR5,135,209,450,256,ATX,ATX,1
LGA1700,LGA1700,DDR5,DDR5,150,169,750,327,Mini-ITX,Mini-ITX,0
AM5,AM5,DDR5,DDR5,163,109,650,339,Mini-ITX,Micro-ATX,0
AM5,LGA1700,DDR5,DDR5,104,388,450,318,Micro-ATX,ATX,0
AM4,AM4,DDR4,DDR4,152,344,550,301,Micro-ATX,Mini-ITX,0
AM4,AM4,DDR4,DDR4,167,384,750,313,ATX,Micro-ATX,1
LGA1200,AM5,DDR5,DDR5,133,126,450,322,Mini-ITX,ATX,0
LGA1700,LGA1700,DDR4,DDR5,113,425,550,333,Micro-ATX,Micro-ATX,0
AM5,AM5,DDR5,DDR5,74,367,550,223,Mini-ITX,ATX,0
LGA1700,LGA1700,DDR4,DDR4,156,207,450,267,ATX,ATX,1
LGA1700,LGA1700,DDR4,DDR4,122,346,450,244,ATX,Mini-ITX,0
LGA1700,LGA1700,DDR4,DDR4,70,195,550,320,ATX,ATX,1
LGA1200,LGA1200,DDR4,DDR4,159,207,850,204,Micro-ATX,ATX,0
AM4,AM4,DDR4,DDR4,107,169,750,264,Micro-ATX,Mini-ITX,1
AM4,LGA1200,DDR4,DDR4,147,424,1000,258,ATX,ATX,0
AM5,AM5,DDR5,DDR5,152,323,750,357,Micro-ATX,Micro-ATX,0
LGA1200,LGA1700,DDR5,DDR5,95,315,550,270,Micro-ATX,Mini-ITX,0
LGA1700,LGA1200,DDR4,DDR4,125,257,550,357,Mini-ITX,Micro-ATX,0
AM4,AM4,DDR4,DDR4,69,294,1000,280,Micro-ATX,ATX,0
LGA1200,LGA1200,DDR4,DDR4,76,76,450,213,Mini-ITX,Mini-ITX,1
AM4,AM4,DDR4,DDR4,158,266,750,334,Micro-ATX,ATX,0
AM4,AM4,DDR4,DDR4,100,225,850,343,Mini-ITX,Mini-ITX,0
LGA1700,LGA1700,DDR4,DDR4,82,114,750,186,ATX,ATX,1
LGA1700,LGA1700,DDR4,DDR4,114,304,550,212,ATX,ATX,1
AM5,AM5,DDR5,DDR5,85,99,850,207,ATX,Micro-ATX,1
AM5,AM4,DDR4,DDR4,70,375,450,255,ATX,ATX,0
AM5,AM5,DDR5,DDR5,115,421,550,216,Mini-ITX,ATX,0
LGA1200,LGA1200,DDR5,DDR4,78,189,650,292,Mini-ITX,Mini-ITX,0
AM5,AM4,DDR4,DDR4,124,379,550,210,Mini-ITX,Micro-ATX,0
LGA1200,AM4,DDR4,DDR4,150,99,450,341,ATX,ATX,0
AM4,AM4,DDR4,DDR4,127,261,550,263,Micro-ATX,Micro-ATX,1
LGA1700,LGA1700,DDR5,DDR5,91,336,850,302,ATX,Micro-ATX,1
AM5,AM5,DDR5,DDR5,144,338,850,257,Mini-ITX,Mini-ITX,0
LGA1700,LGA1700,DDR4,DDR4,140,214,1000,352,Mini-ITX,Mini-ITX,0
LGA1700,LGA1700,DDR4,DDR4,83,424,650,252,Mini-ITX,Micro-ATX,0
AM5,AM5,DDR5,DDR5,69,133,550,193,ATX,Mini-ITX,1
AM4,LGA1700,DDR5,DDR4,131,265,850,326,Micro-ATX,Mini-ITX,0
LGA1200,LGA1200,DDR4,DDR4,140,422,450,325,ATX,Micro-ATX,0
LGA1700,LGA1200,DDR4,DDR4,81,341,1000,288,ATX,ATX,0
AM4,AM4,DDR4,DDR4,154,325,750,266,Micro-ATX,Micro-ATX,1
AM4,LGA1200,DDR4,DDR4,154,96,550,285,ATX,Mini-ITX,0
AM4,AM4,DDR4,DDR4,108,370,1000,226,Micro-ATX,Mini-ITX,1
AM5,LGA1700,DDR5,DDR5,165,197,450,292,Mini-ITX,Micro-ATX,0
AM4,AM4,DDR4,DDR4,71,411,850,180,ATX,Micro-ATX,1
LGA1700,LGA1700,DDR4,DDR4,136,402,450,312,Mini-ITX,Micro-ATX,0
LGA1200,AM5,DDR4,DDR5,106,331,650,325,ATX,ATX,0
AM4,AM4,DDR4,DDR4,144,132,1000,334,Mini-ITX,Mini-ITX,0
LGA1200,LGA1200,DDR4,DDR4,153,218,450,347,Mini-ITX,Mini-ITX,0
AM5,AM5,DDR5,DDR5,156,253,550,181,Mini-ITX,Mini-ITX,1
AM4,AM4,DDR4,DDR4,167,138,650,305,Mini-ITX,Micro-ATX,0
LGA1200,AM4,DDR4,DDR4,111,222,850,273,Mini-ITX,Micro-ATX,0
LGA1200,LGA1200,DDR4,DDR4,88,188,550,267,Micro-ATX,ATX,0
LGA1200,LGA1200,DDR4,DDR4,155,189,1000,346,Micro-ATX,ATX,0
AM4,AM4,DDR4,DDR4,117,444,750,257,Micro-ATX,ATX,0
LGA1700,LGA1700,DDR5,DDR5,167,397,750,182,Micro-ATX,Mini-ITX,1
AM4,AM4,DDR4,DDR4,148,416,850,274,Micro-ATX,Micro-ATX,1
LGA1700,LGA1700,DDR4,DDR4,71,94,450,227,ATX,Micro-ATX,1
AM5,AM5,DDR5,DDR5,149,417,1000,297,ATX,Micro-ATX,1
AM5,LGA1700,DDR4,DDR4,148,295,750,242,Micro-ATX,ATX,0
AM5,AM5,DDR5,DDR5,110,291,1000,200,Mini-ITX,Mini-ITX,1
LGA1700,LGA1700,DDR4,DDR4,140,423,750,233,Mini-ITX,Mini-ITX,1
LGA1700,LGA1700,DDR4,DDR4,84,334,650,311,Micro-ATX,Mini-ITX,1
LGA1700,LGA1700,DDR5,DDR5,85,447,850,238,ATX,Mini-ITX,1
LGA1700,LGA1700,DDR5,DDR5,160,157,450,299,Micro-ATX,Micro-ATX,1
AM5,AM5,DDR5,DDR5,156,218,1000,335,ATX,Mini-ITX,1
LGA1700,LGA1700,DDR5,DDR5,149,153,850,256,ATX,ATX,1
AM5,AM5,DDR5,DDR5,159,413,550,349,Micro-ATX,Micro-ATX,0
AM5,LGA1200,DDR4,DDR4,167,122,1000,227,Mini-ITX,Mini-ITX,0
LGA1700,LGA1700,DDR4,DDR4,72,222,850,196,Micro-ATX,ATX,0
LGA1700,LGA1700,DDR4,DDR4,152,366,450,334,Micro-ATX,ATX,0
LGA1200,LGA1200,DDR4,DDR4,100,297,550,341,Mini-ITX,Micro-ATX,0
AM5,AM5,DDR5,DDR5,67,383,550,234,Micro-ATX,ATX,0
LGA1200,LGA1200,DDR4,DDR4,167,299,850,185,Micro-ATX,ATX,0
AM4,AM4,DDR4,DDR4,142,266,450,319,Micro-ATX,Mini-ITX,0
AM4,LGA1200,DDR4,DDR4,117,103,450,252,ATX,Micro-ATX,0
AM4,AM4,DDR4,DDR4,126,224,650,241,Micro-ATX,Micro-ATX,1
LGA1200,LGA1200,DDR4,DDR4,164,286,550,281,Mini-ITX,ATX,0
AM4,AM4,DDR4,DDR4,127,323,450,251,Mini-ITX,Mini-ITX,0
LGA1200,LGA1200,DDR4,DDR4,155,220,550,309,Mini-ITX,Micro-ATX,0
LGA1200,LGA1700,DDR4,DDR4,112,253,650,209,Micro-ATX,ATX,0
AM5,AM5,DDR5,DDR5,65,217,550,209,Mini-ITX,ATX,0
LGA1700,LGA1700,DDR5,DDR5,107,80,1000,335,Mini-ITX,ATX,0
LGA1200,LGA1200,DDR4,DDR4,85,189,750,254,Micro-ATX,Mini-ITX,1
AM4,AM4,DDR4,DDR4,85,146,550,274,Mini-ITX,Mini-ITX,0
LGA1700,LGA1700,DDR5,DDR4,169,221,750,320,Mini-ITX,ATX,0
LGA1200,LGA1200,DDR4,DDR4,117,115,750,287,ATX,Micro-ATX,1
AM5,AM5,DDR5,DDR5,159,95,1000,197,Micro-ATX,Micro-ATX,1
LGA1700,LGA1200,DDR4,DDR4,113,344,550,283,Micro-ATX,Mini-ITX,0
AM4,AM4,DDR4,DDR4,74,165,550,255,ATX,Mini-ITX,1
AM4,AM4,DDR4,DDR4,114,337,450,212,Micro-ATX,Mini-ITX,0
LGA1200,AM5,DDR5,DDR5,88,388,1000,343,ATX,Mini-ITX,0
AM4,AM4,DDR4,DDR4,149,100,750,239,Micro-ATX,Mini-ITX,1
LGA1200,LGA1200,DDR4,DDR4,85,413,1000,232,ATX,ATX,1
LGA1700,AM5,DDR4,DDR5,77,346,750,356,Micro-ATX,Micro-ATX,0
LGA1700,LGA1700,DDR4,DDR4,165,179,550,218,Micro-ATX,Mini-ITX,1
AM5,AM5,DDR5,DDR5,159,130,450,348,Micro-ATX,ATX,0
AM5,LGA1700,DDR5,DDR5,66,350,650,216,Micro-ATX,Micro-ATX,0
AM5,AM5,DDR5,DDR5,124,84,1000,180,Mini-ITX,Micro-ATX,0
LGA1700,AM5,DDR5,DDR5,68,273,1000,284,ATX,Mini-ITX,0
AM5,AM5,DDR5,DDR5,132,313,550,194,Mini-ITX,ATX,0
AM4,LGA1200,DDR4,DDR4,130,392,550,190,Mini-ITX,Mini-ITX,0
LGA1700,LGA1700,DDR4,DDR4,100,255,550,268,Mini-ITX,Mini-ITX,0
AM5,LGA1200,DDR4,DDR4,142,194,850,307,Micro-ATX,ATX,0
LGA1700,LGA1700,DDR5,DDR5,155,249,1000,347,ATX,Mini-ITX,1
AM4,AM5,DDR5,DDR5,87,163,1000,188,Mini-ITX,Micro-ATX,0
AM4,AM4,DDR5,DDR4,106,320,450,305,Mini-ITX,ATX,0
LGA1200,LGA1200,DDR4,DDR4,114,309,450,188,ATX,Mini-ITX,0
AM4,AM4,DDR4,DDR4,115,175,750,335,Mini-ITX,Micro-ATX,0
LGA1200,LGA1200,DDR4,DDR4,161,301,1000,228,Mini-ITX,Mini-ITX,1
LGA1700,LGA1700,DDR4,DDR4,112,384,850,242,Micro-ATX,ATX,0
AM4,AM4,DDR4,DDR4,99,169,550,246,Mini-ITX,Mini-ITX,0
AM4,AM4,DDR4,DDR4,90,225,750,248,Micro-ATX,Mini-ITX,1
LGA1700,LGA1200,DDR5,DDR4,159,376,850,245,Mini-ITX,Micro-ATX,0
LGA1200,AM5,DDR5,DDR5,155,156,1000,186,ATX,Micro-ATX,0
LGA1700,LGA1700,DDR5,DDR5,118,216,1000,322,ATX,ATX,1
AM4,AM4,DDR4,DDR4,70,378,850,258,Micro-ATX,Micro-ATX,1
LGA1200,LGA1200,DDR4,DDR4,144,441,850,199,ATX,Mini-ITX,1
AM4,AM4,DDR4,DDR4,66,202,750,277,Mini-ITX,Mini-ITX,0
AM4,AM4,DDR4,DDR4,138,170,1000,248,Mini-ITX,Mini-ITX,0
LGA1700,LGA1700,DDR4,DDR4,96,180,1000,230,Micro-ATX,Mini-ITX,1
AM4,LGA1700,DDR4,DDR4,107,196,1000,211,Mini-ITX,Micro-ATX,0
LGA1200,LGA1200,DDR5,DDR4,150,282,850,292,Mini-ITX,Mini-ITX,0
LGA1200,LGA1200,DDR4,DDR4,168,337,1000,311,Mini-ITX,Mini-ITX,0
LGA1200,LGA1200,DDR4,DDR4,85,246,850,277,Mini-ITX,ATX,0
LGA1200,AM5,DDR5,DDR5,127,252,750,330,Mini-ITX,Micro-ATX,0
LGA1700,LGA1200,DDR4,DDR4,169,359,850,218,Micro-ATX,Micro-ATX,0
AM5,AM5,DDR5,DDR5,96,144,650,293,Micro-ATX,ATX,0
LGA1200,LGA1200,DDR4,DDR4,110,358,1000,342,Micro-ATX,Micro-ATX,0
AM4,AM5,DDR5,DDR5,153,286,850,197,ATX,ATX,0
LGA1200,LGA1200,DDR4,DDR4,106,141,450,315,Mini-ITX,ATX,0
AM5,AM5,DDR5,DDR5,91,412,550,337,Micro-ATX,ATX,0
AM5,LGA1700,DDR4,DDR4,98,105,450,359,ATX,ATX,0
AM4,AM4,DDR4,DDR4,132,407,850,273,ATX,ATX,1
LGA1700,LGA1700,DDR4,DDR4,123,187,550,199,Micro-ATX,ATX,0
LGA1700,LGA1700,DDR5,DDR5,91,262,1000,300,Micro-ATX,ATX,0
AM4,LGA1700,DDR4,DDR4,106,382,650,291,Mini-ITX,Micro-ATX,0
LGA1700,LGA1700,DDR4,DDR4,83,230,550,274,ATX,Micro-ATX,1
LGA1200,AM4,DDR4,DDR4,91,94,850,340,Micro-ATX,ATX,0
LGA1700,LGA1700,DDR4,DDR4,161,269,750,348,ATX,Mini-ITX,1
AM5,AM5,DDR5,DDR5,148,82,750,298,Micro-ATX,Micro-ATX,1
LGA1700,LGA1700,DDR5,DDR5,167,266,750,215,Micro-ATX,Micro-ATX,1
AM5,AM5,DDR5,DDR5,145,380,1000,264,Micro-ATX,ATX,0
LGA1700,LGA1200,DDR4,DDR4,125,332,850,279,Mini-ITX,ATX,0
AM4,AM4,DDR4,DDR4,110,301,850,248,Micro-ATX,Micro-ATX,1
LGA1700,LGA1700,DDR5,DDR5,87,108,550,258,Mini-ITX,Mini-ITX,0
LGA1200,LGA1200,DDR5,DDR4,166,220,650,271,ATX,ATX,0
AM4,LGA1700,DDR4,DDR4,148,151,650,281,ATX,Mini-ITX,0
LGA1200,LGA1200,DDR4,DDR4,161,339,850,208,Micro-ATX,Micro-ATX,1
LGA1200,LGA1200,DDR4,DDR4,127,236,550,358,ATX,ATX,1
LGA1700,AM5,DDR4,DDR5,98,76,850,334,Mini-ITX,ATX,0
LGA1200,LGA1200,DDR4,DDR4,76,102,850,290,ATX,Micro-ATX,1
LGA1200,LGA1200,DDR4,DDR4,89,207,650,216,Micro-ATX,Micro-ATX,1
AM5,AM5,DDR4,DDR5,128,352,450,355,Micro-ATX,Mini-ITX,0
AM5,AM5,DDR5,DDR5,168,316,450,305,ATX,ATX,0
AM5,AM5,DDR5,DDR5,97,149,650,304,Mini-ITX,ATX,0
AM4,AM4,DDR4,DDR4,76,218,550,309,Mini-ITX,ATX,0
LGA1700,LGA1700,DDR4,DDR4,95,149,850,350,Micro-ATX,Mini-ITX,0
AM4,AM4,DDR4,DDR4,150,401,450,295,Mini-ITX,ATX,0
LGA1700,LGA1700,DDR4,DDR4,86,401,550,273,Mini-ITX,Micro-ATX,0
AM5,LGA1200,DDR4,DDR4,105,289,750,346,Mini-ITX,ATX,0
AM4,AM4,DDR4,DDR4,75,228,850,319,Mini-ITX,ATX,0
AM4,AM4,DDR5,DDR4,82,382,650,274,Micro-ATX,Mini-ITX,0
LGA1700,AM4,DDR4,DDR4,119,119,450,356,ATX,ATX,0
AM4,AM4,DDR4,DDR4,130,161,450,267,ATX,ATX,1
AM5,LGA1700,DDR4,DDR4,83,269,850,331,ATX,ATX,0
AM5,LGA1700,DDR5,DDR5,99,90,1000,320,ATX,Micro-ATX,0
AM5,AM5,DDR5,DDR5,162,77,750,280,Micro-ATX,Mini-ITX,1
AM5,AM5,DDR5,DDR5,79,130,550,200,Micro-ATX,Micro-ATX,1
AM5,AM5,DDR5,DDR5,79,228,550,230,ATX,Micro-ATX,1
AM4,AM4,DDR4,DDR4,131,359,750,333,ATX,Mini-ITX,1
AM5,LGA1700,DDR4,DDR4,119,88,650,181,ATX,Micro-ATX,0
AM5,AM5,DDR4,DDR5,70,98,850,347,Mini-ITX,Micro-ATX,0
AM5,AM5,DDR5,DDR5,117,203,550,357,Mini-ITX,Mini-ITX,0
AM5,AM5,DDR5,DDR5,140,97,850,288,ATX,Micro-ATX,1
AM4,AM4,DDR4,DDR4,103,403,750,289,ATX,Micro-ATX,1
LGA1700,LGA1700,DDR5,DDR5,97,418,850,342,Micro-ATX,Mini-ITX,0
LGA1700,AM4,DDR4,DDR4,135,282,550,197,Micro-ATX,Mini-ITX,0
LGA1200,AM5,DDR5,DDR5,123,273,850,264,Micro-ATX,Micro-ATX,0
AM5,AM5,DDR5,DDR5,156,360,1000,184,ATX,ATX,1
AM5,LGA1200,DDR4,DDR4,147,192,850,317,Mini-ITX,Micro-ATX,0
LGA1700,LGA1700,DDR4,DDR4,105,345,1000,198,ATX,Micro-ATX,1
LGA1700,LGA1700,DDR4,DDR4,141,401,650,211,Mini-ITX,ATX,0
AM4,AM4,DDR4,DDR4,100,428,850,299,Micro-ATX,Micro-ATX,1
LGA1200,LGA1200,DDR5,DDR4,135,433,750,229,Micro-ATX,Micro-ATX,0
AM4,AM4,DDR4,DDR4,76,427,850,241,Micro-ATX,Mini-ITX,1
AM4,AM4,DDR4,DDR4,140,136,750,254,Mini-ITX,Micro-ATX,0
LGA1200,LGA1200,DDR4,DDR4,112,129,750,207,Micro-ATX,Micro-ATX,1
LGA1200,LGA1200,DDR4,DDR4,157,127,650,358,ATX,ATX,1
LGA1200,LGA1200,DDR4,DDR4,102,417,1000,269,ATX,ATX,1
AM4,AM4,DDR4,DDR4,115,137,1000,317,Micro-ATX,ATX,0
AM5,LGA1700,DDR4,DDR4,66,113,850,245,Mini-ITX,Micro-ATX,0
LGA1200,LGA1200,DDR4,DDR4,83,263,550,312,Micro-ATX,Micro-ATX,1
AM5,AM5,DDR5,DDR5,81,187,450,195,ATX,Micro-ATX,1
AM4,AM4,DDR4,DDR4,74,113,750,334,Micro-ATX,Mini-ITX,0
LGA1200,LGA1200,DDR5,DDR4,149,275,650,350,ATX,Micro-ATX,0
AM4,LGA1200,DDR4,DDR4,152,263,550,263,Mini-ITX,Micro-ATX,0
AM5,AM5,DDR4,DDR5,65,164,1000,345,ATX,Mini-ITX,0
AM4,AM4,DDR4,DDR4,70,371,750,288,Mini-ITX,ATX,0
LGA1200,LGA1200,DDR4,DDR4,87,263,550,226,Mini-ITX,Mini-ITX,1
AM4,AM4,DDR4,DDR4,133,143,550,214,ATX,ATX,1
LGA1700,LGA1200,DDR4,DDR4,71,368,450,255,ATX,Mini-ITX,0
LGA1200,LGA1200,DDR4,DDR4,98,212,550,225,Micro-ATX,Mini-ITX,1
LGA1200,LGA1700,DDR4,DDR4,97,361,550,189,Micro-ATX,ATX,0
AM4,AM4,DDR4,DDR4,104,411,450,309,Micro-ATX,Micro-ATX,0
LGA1700,AM5,DDR5,DDR5,133,337,1000,338,Mini-ITX,Micro-ATX,0
LGA1700,LGA1700,DDR5,DDR5,133,379,850,197,Mini-ITX,Mini-ITX,1
LGA1200,AM4,DDR5,DDR4,122,416,1000,180,Mini-ITX,Micro-ATX,0
LGA1700,LGA1700,DDR4,DDR4,166,256,450,181,Mini-ITX,ATX,0
LGA1200,LGA1200,DDR4,DDR4,96,449,750,260,ATX,ATX,1
AM4,AM4,DDR5,DDR4,166,343,450,270,Mini-ITX,ATX,0
LGA1200,LGA1200,DDR4,DDR4,66,369,1000,238,Micro-ATX,Micro-ATX,1
AM5,AM5,DDR5,DDR5,151,136,650,300,Micro-ATX,Micro-ATX,1
LGA1700,LGA1700,DDR5,DDR5,111,388,750,304,Micro-ATX,Mini-ITX,1
LGA1700,LGA1700,DDR4,DDR4,88,191,850,288,ATX,ATX,1
LGA1200,LGA1200,DDR4,DDR4,156,104,750,331,Micro-ATX,Mini-ITX,0
AM5,AM5,DDR5,DDR5,95,358,550,209,Mini-ITX,Micro-ATX,0
AM4,AM4,DDR4,DDR4,126,298,650,304,Micro-ATX,Micro-ATX,1
AM4,LGA1700,DDR4,DDR4,166,317,850,195,Mini-ITX,Mini-ITX,0
LGA1700,LGA1700,DDR5,DDR5,134,239,1000,338,Mini-ITX,ATX,0
AM5,AM5,DDR5,DDR5,65,414,850,319,Micro-ATX,ATX,0
LGA1200,LGA1200,DDR4,DDR4,167,161,750,219,Mini-ITX,Mini-ITX,1
AM5,AM5,DDR4,DDR5,77,291,650,188,Micro-ATX,Mini-ITX,0
LGA1200,LGA1700,DDR4,DDR4,136,421,550,266,ATX,ATX,0
LGA1700,LGA1700,DDR4,DDR4,143,133,550,269,ATX,ATX,1
AM4,AM4,DDR4,DDR4,118,426,850,223,ATX,Micro-ATX,1
AM4,AM4,DDR4,DDR4,142,320,850,209,Mini-ITX,ATX,0
LGA1700,LGA1700,DDR5,DDR5,136,190,750,351,ATX,ATX,1
AM4,LGA1700,DDR4,DDR4,134,139,750,184,ATX,Micro-ATX,0
LGA1700,LGA1700,DDR5,DDR4,87,149,650,194,Mini-ITX,Micro-ATX,0
AM5,AM5,DDR5,DDR5,121,290,750,264,Mini-ITX,Mini-ITX,0
AM5,AM5,DDR5,DDR5,138,302,650,226,Micro-ATX,ATX,0
AM5,AM5,DDR5,DDR5,101,273,550,188,Micro-ATX,Mini-ITX,1
AM5,LGA1200,DDR4,DDR4,113,343,1000,350,Micro-ATX,ATX,0
AM4,AM4,DDR4,DDR4,139,233,450,356,Micro-ATX,ATX,0
AM4,AM4,DDR4,DDR4,114,110,750,233,Mini-ITX,Micro-ATX,0
LGA1700,LGA1700,DDR4,DDR4,71,226,750,323,Mini-ITX,ATX,0
LGA1700,AM5,DDR5,DDR5,147,400,750,315,Mini-ITX,Mini-ITX,0
LGA1200,LGA1200,DDR4,DDR4,154,222,550,312,Mini-ITX,Mini-ITX,0
AM4,AM4,DDR4,DDR4,161,423,850,283,Micro-ATX,Micro-ATX,1
LGA1200,LGA1200,DDR5,DDR4,136,419,550,353,ATX,Mini-ITX,0
LGA1700,LGA1700,DDR5,DDR5,148,381,650,248,ATX,Micro-ATX,1
LGA1200,LGA1200,DDR5,DDR4,99,294,550,349,Mini-ITX,Micro-ATX,0
AM5,AM5,DDR5,DDR5,119,128,850,307,Micro-ATX,Micro-ATX,1
LGA1700,LGA1200,DDR4,DDR4,111,290,750,304,ATX,Mini-ITX,0
LGA1200,LGA1200,DDR4,DDR4,132,288,750,272,Micro-ATX,ATX,0
LGA1700,LGA1700,DDR5,DDR4,79,325,550,188,ATX,Mini-ITX,0
AM5,AM5,DDR4,DDR5,75,208,750,200,ATX,ATX,0
AM5,AM5,DDR5,DDR5,116,430,650,219,ATX,Mini-ITX,0
LGA1700,LGA1700,DDR4,DDR4,77,149,850,260,ATX,ATX,1
LGA1700,LGA1700,DDR5,DDR5,93,267,1000,242,ATX,ATX,1
LGA1700,LGA1700,DDR4,DDR4,84,88,750,328,ATX,Micro-ATX,1
LGA1700,LGA1200,DDR4,DDR4,98,435,450,200,ATX,ATX,0
AM5,AM4,DDR4,DDR4,96,354,750,217,ATX,Mini-ITX,0
LGA1700,AM4,DDR4,DDR4,95,100,850,221,Mini-ITX,Micro-ATX,0
LGA1200,LGA1200,DDR4,DDR4,121,247,850,224,Mini-ITX,Micro-ATX,0
LGA1700,LGA1700,DDR4,DDR4,151,235,450,345,Micro-ATX,ATX,0
AM5,AM5,DDR5,DDR5,156,321,650,272,Micro-ATX,ATX,0
LGA1200,LGA1200,DDR4,DDR4,92,190,650,287,ATX,Mini-ITX,1
AM5,AM5,DDR5,DDR5,149,439,450,197,Mini-ITX,ATX,0
AM5,AM5,DDR5,DDR5,156,424,750,237,Mini-ITX,Micro-ATX,0
AM4,AM4,DDR4,DDR4,146,418,1000,299,ATX,ATX,1
LGA1200,LGA1200,DDR4,DDR4,149,406,1000,210,ATX,ATX,1
LGA1700,LGA1700,DDR4,DDR5,168,203,850,253,ATX,Micro-ATX,0
AM5,AM5,DDR5,DDR5,160,285,450,269,Mini-ITX,ATX,0
LGA1200,LGA1200,DDR4,DDR4,119,218,750,252,Micro-ATX,Mini-ITX,1
LGA1700,LGA1700,DDR5,DDR5,157,246,750,203,ATX,ATX,1
LGA1700,LGA1700,DDR4,DDR4,123,281,450,228,ATX,Mini-ITX,0
AM4,AM4,DDR4,DDR4,67,405,550,241,ATX,ATX,0
AM5,LGA1700,DDR4,DDR4,132,294,750,270,Mini-ITX,Micro-ATX,0
LGA1700,AM5,DDR5,DDR5,146,87,550,223,Micro-ATX,Mini-ITX,0
AM4,AM4,DDR4,DDR4,157,147,550,293,Mini-ITX,Mini-ITX,0
AM4,AM4,DDR4,DDR4,70,174,1000,211,Micro-ATX,Micro-ATX,1
AM4,AM4,DDR4,DDR4,72,155,550,347,ATX,Mini-ITX,1
LGA1700,LGA1700,DDR5,DDR5,73,323,650,186,Mini-ITX,ATX,0
LGA1200,LGA1200,DDR4,DDR4,145,392,850,232,Mini-ITX,Micro-ATX,0
AM5,AM5,DDR5,DDR5,85,313,750,274,Micro-ATX,Mini-ITX,1
LGA1200,LGA1200,DDR4,DDR4,81,268,450,265,Micro-ATX,Mini-ITX,1
LGA1700,LGA1700,DDR4,DDR4,81,312,450,259,Mini-ITX,Micro-ATX,0
AM5,AM5,DDR5,DDR5,124,87,650,272,Mini-ITX,Mini-ITX,0
AM4,AM4,DDR4,DDR4,118,235,650,323,Micro-ATX,ATX,0
LGA1700,LGA1700,DDR4,DDR4,167,157,550,353,Mini-ITX,ATX,0
LGA1700,LGA1700,DDR4,DDR4,84,287,550,281,Mini-ITX,Mini-ITX,0
LGA1200,LGA1200,DDR4,DDR4,90,321,1000,196,ATX,Mini-ITX,1
LGA1700,LGA1700,DDR4,DDR4,85,119,850,184,Mini-ITX,Mini-ITX,1
AM5,AM5,DDR4,DDR5,86,142,750,297,Mini-ITX,ATX,0
AM5,AM5,DDR5,DDR5,75,248,1000,288,Mini-ITX,ATX,0
LGA1200,LGA1200,DDR4,DDR4,168,409,750,261,Mini-ITX,Mini-ITX,0
AM5,AM5,DDR5,DDR5,151,149,750,333,Micro-ATX,Micro-ATX,0
AM5,AM5,DDR4,DDR5,101,84,550,182,Mini-ITX,Micro-ATX,0
LGA1200,LGA1200,DDR4,DDR4,93,361,750,306,ATX,ATX,1
LGA1700,LGA1700,DDR4,DDR4,168,183,1000,346,Mini-ITX,ATX,0
AM4,AM4,DDR5,DDR4,158,181,750,294,Mini-ITX,Micro-ATX,0
AM4,AM4,DDR4,DDR4,162,345,1000,259,ATX,Mini-ITX,1
LGA1700,LGA1700,DDR5,DDR5,73,267,750,251,Micro-ATX,Micro-ATX,1
AM5,AM4,DDR4,DDR4,169,205,550,243,ATX,Micro-ATX,0
LGA1200,LGA1200,DDR4,DDR4,71,242,550,289,ATX,Mini-ITX,1
AM5,AM5,DDR5,DDR5,118,364,750,218,ATX,Micro-ATX,1
LGA1200,LGA1200,DDR4,DDR4,122,164,850,276,ATX,Mini-ITX,1
LGA1200,LGA1200,DDR4,DDR4,96,383,1000,314,Mini-ITX,ATX,0
AM4,AM4,DDR4,DDR4,145,406,650,298,Mini-ITX,Mini-ITX,0
LGA1700,LGA1700,DDR4,DDR4,70,341,450,237,Micro-ATX,ATX,0
LGA1200,LGA1200,DDR4,DDR4,68,401,850,327,Micro-ATX,ATX,0
AM4,LGA1700,DDR4,DDR4,92,356,1000,289,Mini-ITX,Micro-ATX,0
AM5,LGA1700,DDR5,DDR5,68,351,550,314,Micro-ATX,Mini-ITX,0
AM5,AM5,DDR5,DDR5,82,375,650,248,Mini-ITX,Mini-ITX,0
AM4,AM5,DDR5,DDR5,89,219,450,306,Mini-ITX,Mini-ITX,0
AM5,AM5,DDR5,DDR5,115,262,750,220,Micro-ATX,ATX,0
LGA1200,LGA1200,DDR4,DDR4,165,301,1000,357,ATX,ATX,1
LGA1200,LGA1200,DDR4,DDR4,89,270,650,294,Micro-ATX,Micro-ATX,1
AM4,LGA1700,DDR4,DDR4,127,117,750,199,Mini-ITX,ATX,0
LGA1700,LGA1700,DDR4,DDR4,158,206,650,181,ATX,Micro-ATX,1
LGA1700,LGA1700,DDR4,DDR4,151,336,1000,347,Mini-ITX,Micro-ATX,0
LGA1200,AM4,DDR5,DDR4,114,187,450,337,Mini-ITX,Micro-ATX,0
LGA1200,AM5,DDR5,DDR5,130,329,1000,242,ATX,ATX,0
AM4,AM4,DDR4,DDR4,80,301,550,269,ATX,Mini-ITX,1
AM4,AM4,DDR4,DDR4,72,281,550,234,Mini-ITX,Mini-ITX,1
AM5,LGA1700,DDR5,DDR5,101,76,850,313,Mini-ITX,ATX,0
AM4,AM4,DDR4,DDR4,158,129,850,279,Mini-ITX,ATX,0
AM4,AM4,DDR4,DDR4,141,368,1000,310,Mini-ITX,Mini-ITX,0
LGA1200,LGA1200,DDR4,DDR4,110,357,750,191,Micro-ATX,ATX,0
LGA1700,LGA1700,DDR4,DDR4,95,385,750,243,Micro-ATX,Mini-ITX,1
LGA1200,AM5,DDR5,DDR5,113,275,450,190,Micro-ATX,ATX,0
LGA1700,LGA1700,DDR5,DDR5,144,137,1000,254,ATX,Mini-ITX,1
AM4,AM5,DDR4,DDR5,100,201,850,299,ATX,Mini-ITX,0
AM5,AM5,DDR5,DDR5,169,99,750,198,Micro-ATX,Mini-ITX,1
LGA1700,LGA1700,DDR4,DDR4,121,350,550,262,Micro-ATX,ATX,0
AM5,LGA1200,DDR4,DDR4,163,395,750,334,Micro-ATX,ATX,0
LGA1700,LGA1700,DDR5,DDR5,78,204,1000,272,ATX,ATX,1
LGA1700,LGA1700,DDR5,DDR5,77,186,750,328,ATX,Mini-ITX,1
LGA1200,LGA1200,DDR4,DDR4,153,226,750,184,Micro-ATX,Mini-ITX,1
AM4,AM4,DDR4,DDR4,80,139,850,244,Mini-ITX,Micro-ATX,0
AM5,AM5,DDR4,DDR5,150,251,650,261,Micro-ATX,Micro-ATX,0
LGA1200,LGA1200,DDR4,DDR4,137,152,650,328,ATX,ATX,1
AM4,AM4,DDR4,DDR4,94,271,550,194,Micro-ATX,Mini-ITX,1
AM4,AM4,DDR4,DDR4,79,251,750,203,ATX,ATX,1
AM4,AM4,DDR4,DDR4,117,443,1000,296,Micro-ATX,ATX,0
LGA1200,LGA1200,DDR4,DDR4,76,298,450,228,Micro-ATX,ATX,0
LGA1200,LGA1200,DDR4,DDR4,148,180,550,356,Mini-ITX,ATX,0
AM4,AM4,DDR4,DDR4,102,446,1000,264,Mini-ITX,Micro-ATX,0
AM4,AM4,DDR4,DDR4,65,273,750,312,ATX,Mini-ITX,1
AM5,AM5,DDR5,DDR5,123,409,450,276,Mini-ITX,Mini-ITX,0
AM4,AM4,DDR4,DDR4,141,321,650,211,Mini-ITX,ATX,0
AM4,LGA1700,DDR5,DDR5,128,268,750,279,Mini-ITX,Mini-ITX,0
AM5,AM5,DDR5,DDR5,133,95,650,357,Micro-ATX,Mini-ITX,0
LGA1700,LGA1700,DDR4,DDR4,142,346,750,313,Mini-ITX,Micro-ATX,0
LGA1700,LGA1200,DDR4,DDR4,86,216,850,229,ATX,Micro-ATX,0
AM4,AM4,DDR4,DDR4,166,446,450,208,Mini-ITX,ATX,0
LGA1700,LGA1200,DDR4,DDR4,118,405,750,205,ATX,Mini-ITX,0
LGA1700,LGA1700,DDR4,DDR4,163,339,450,182,Micro-ATX,Micro-ATX,0
AM5,AM5,DDR5,DDR5,82,210,750,209,Mini-ITX,ATX,0
LGA1700,LGA1700,DDR4,DDR4,155,312,850,258,ATX,Micro-ATX,1
LGA1200,LGA1200,DDR4,DDR4,147,320,1000,302,ATX,ATX,1
LGA1700,LGA1700,DDR4,DDR5,97,200,750,233,ATX,ATX,0
AM4,AM5,DDR4,DDR5,134,319,550,342,ATX,Mini-ITX,0
LGA1200,LGA1700,DDR5,DDR5,145,200,750,228,ATX,ATX,0
AM4,AM4,DDR4,DDR4,100,160,850,272,Micro-ATX,Micro-ATX,1
LGA1200,LGA1700,DDR5,DDR5,85,307,750,217,ATX,Mini-ITX,0
LGA1200,LGA1200,DDR4,DDR4,83,356,750,269,Mini-ITX,Micro-ATX,0
AM4,AM5,DDR5,DDR5,83,363,550,352,ATX,Micro-ATX,0
LGA1200,LGA1200,DDR4,DDR4,156,83,450,320,Micro-ATX,Mini-ITX,1
AM4,AM4,DDR5,DDR4,108,170,1000,191,Mini-ITX,Micro-ATX,0
LGA1700,LGA1700,DDR4,DDR4,96,194,450,267,Micro-ATX,Micro-ATX,1
LGA1200,AM4,DDR4,DDR4,86,90,1000,200,ATX,ATX,0
AM4,AM4,DDR4,DDR4,71,418,1000,293,Mini-ITX,ATX,0
LGA1200,LGA1200,DDR4,DDR4,93,351,1000,340,Mini-ITX,Mini-ITX,0
LGA1200,LGA1700,DDR4,DDR4,123,180,450,259,Micro-ATX,Micro-ATX,0
AM4,AM4,DDR4,DDR4,70,187,650,354,Micro-ATX,Micro-ATX,0
LGA1200,LGA1200,DDR4,DDR4,90,78,850,283,Micro-ATX,Micro-ATX,1
AM4,AM4,DDR4,DDR4,144,329,650,348,Micro-ATX,Mini-ITX,0
LGA1200,AM4,DDR4,DDR4,155,139,550,242,Micro-ATX,Micro-ATX,0
AM4,AM4,DDR4,DDR4,92,236,750,224,Mini-ITX,Mini-ITX,1
LGA1200,AM5,DDR4,DDR5,156,273,850,328,ATX,ATX,0
AM4,AM4,DDR4,DDR4,79,113,750,342,ATX,ATX,1
AM4,AM4,DDR4,DDR4,77,328,650,193,ATX,Micro-ATX,1
LGA1700,LGA1700,DDR4,DDR4,106,149,1000,324,ATX,ATX,1
AM4,AM4,DDR4,DDR4,142,418,550,197,Mini-ITX,Mini-ITX,0
AM5,AM5,DDR5,DDR5,128,219,850,322,ATX,Mini-ITX,1
AM4,AM4,DDR4,DDR4,120,86,1000,205,Micro-ATX,ATX,0
AM4,AM5,DDR5,DDR5,165,412,650,270,Mini-ITX,Micro-ATX,0
LGA1200,LGA1200,DDR4,DDR4,156,188,550,238,Mini-ITX,ATX,0
AM4,AM4,DDR4,DDR4,146,87,1000,201,Micro-ATX,ATX,0
AM5,LGA1200,DDR4,DDR4,108,98,450,254,Micro-ATX,Micro-ATX,0
AM4,AM4,DDR4,DDR4,103,380,750,265,ATX,ATX,1
LGA1200,LGA1200,DDR4,DDR4,94,95,450,269,Micro-ATX,Micro-ATX,1
LGA1700,LGA1700,DDR4,DDR4,154,153,450,312,Micro-ATX,ATX,0
LGA1200,LGA1200,DDR4,DDR4,90,338,450,348,ATX,ATX,0
AM5,AM5,DDR5,DDR5,101,317,750,316,ATX,Mini-ITX,1
AM5,AM5,DDR5,DDR5,101,422,450,335,Micro-ATX,Micro-ATX,0
LGA1200,LGA1200,DDR4,DDR4,75,270,450,358,Mini-ITX,ATX,0
AM4,LGA1200,DDR4,DDR4,91,307,750,257,ATX,ATX,0
LGA1700,LGA1700,DDR4,DDR4,161,385,750,235,Micro-ATX,Micro-ATX,1
LGA1200,LGA1200,DDR4,DDR4,89,129,450,251,Mini-ITX,Micro-ATX,0
AM5,AM5,DDR5,DDR5,103,208,850,238,Micro-ATX,Micro-ATX,1
AM4,AM5,DDR5,DDR5,100,92,650,354,Micro-ATX,Micro-ATX,0
LGA1700,AM4,DDR4,DDR4,121,440,550,330,ATX,Micro-ATX,0
LGA1700,LGA1700,DDR4,DDR4,128,112,850,262,ATX,Micro-ATX,1
AM4,AM4,DDR4,DDR4,125,133,850,192,Mini-ITX,ATX,0
AM5,AM4,DDR4,DDR4,116,136,450,227,Mini-ITX,ATX,0
LGA1700,LGA1200,DDR4,DDR4,76,197,550,230,Mini-ITX,ATX,0
AM5,AM5,DDR5,DDR5,153,422,1000,201,Micro-ATX,Micro-ATX,1
AM4,LGA1200,DDR4,DDR4,76,83,750,192,ATX,Mini-ITX,0
AM5,AM5,DDR5,DDR5,104,209,650,198,ATX,ATX,1
AM5,AM4,DDR4,DDR4,99,215,1000,213,Mini-ITX,Micro-ATX,0
LGA1700,LGA1200,DDR4,DDR4,169,396,650,230,ATX,Micro-ATX,0
AM5,AM5,DDR5,DDR5,93,339,750,350,Mini-ITX,Micro-ATX,0
AM5,LGA1200,DDR4,DDR4,134,372,450,286,Micro-ATX,Micro-ATX,0
LGA1700,LGA1700,DDR5,DDR5,148,449,550,259,Mini-ITX,Micro-ATX,0
AM5,AM5,DDR5,DDR5,84,94,1000,256,ATX,ATX,1
AM4,AM4,DDR4,DDR4,85,327,1000,346,Micro-ATX,Micro-ATX,0
AM5,AM4,DDR4,DDR4,116,184,850,356,Mini-ITX,ATX,0
AM4,AM4,DDR4,DDR4,65,440,850,239,Micro-ATX,Micro-ATX,1
LGA1700,AM5,DDR5,DDR5,169,186,750,338,Mini-ITX,Micro-ATX,0
AM5,LGA1700,DDR4,DDR4,91,395,550,349,Mini-ITX,ATX,0
AM5,AM5,DDR5,DDR5,143,141,550,234,Mini-ITX,Micro-ATX,0
AM4,AM4,DDR4,DDR4,70,227,650,206,ATX,ATX,1
AM4,AM4,DDR5,DDR4,157,111,1000,262,Micro-ATX,Mini-ITX,0
AM5,AM5,DDR5,DDR5,92,367,650,287,ATX,Micro-ATX,1
LGA1200,LGA1200,DDR4,DDR4,106,120,1000,289,ATX,Micro-ATX,1
LGA1200,LGA1200,DDR5,DDR4,123,189,850,284,Micro-ATX,Mini-ITX,0
AM5,LGA1700,DDR5,DDR5,125,153,450,215,ATX,Micro-ATX,0
LGA1200,LGA1200,DDR4,DDR4,169,166,750,328,ATX,ATX,1
AM4,AM4,DDR4,DDR4,101,345,450,238,Mini-ITX,ATX,0
LGA1200,LGA1200,DDR4,DDR4,118,122,550,340,ATX,Micro-ATX,1
LGA1700,LGA1700,DDR5,DDR5,88,124,550,239,ATX,Micro-ATX,1
AM5,AM5,DDR5,DDR5,70,401,550,235,Micro-ATX,ATX,0
LGA1700,LGA1700,DDR4,DDR5,71,283,650,351,Mini-ITX,Micro-ATX,0
AM4,AM4,DDR4,DDR4,102,442,750,249,ATX,Micro-ATX,1
AM5,AM5,DDR5,DDR5,80,156,750,205,ATX,Micro-ATX,1
LGA1700,LGA1700,DDR4,DDR4,136,112,1000,217,Mini-ITX,Mini-ITX,1
AM5,AM5,DDR5,DDR5,73,414,850,290,ATX,Micro-ATX,1
AM5,AM5,DDR4,DDR5,149,328,750,247,Micro-ATX,Micro-ATX,0
LGA1200,LGA1200,DDR4,DDR4,132,299,750,293,Mini-ITX,Mini-ITX,0
LGA1200,LGA1700,DDR4,DDR4,155,365,550,305,Micro-ATX,Mini-ITX,0
LGA1700,LGA1700,DDR5,DDR5,158,274,550,209,Mini-ITX,Mini-ITX,1
LGA1200,LGA1200,DDR4,DDR4,70,232,750,262,ATX,Micro-ATX,1
LGA1200,LGA1200,DDR4,DDR4,93,215,750,183,Micro-ATX,ATX,0
AM5,AM5,DDR5,DDR5,159,431,1000,251,ATX,Micro-ATX,1
LGA1200,LGA1700,DDR5,DDR5,103,290,1000,234,ATX,ATX,0
LGA1700,LGA1700,DDR4,DDR4,168,270,450,227,Mini-ITX,Micro-ATX,0
LGA1700,LGA1700,DDR5,DDR5,89,186,750,347,Micro-ATX,Micro-ATX,0
LGA1200,LGA1200,DDR4,DDR4,95,168,750,294,ATX,ATX,1
LGA1200,LGA1200,DDR4,DDR4,106,121,550,309,Mini-ITX,Micro-ATX,0
AM4,AM4,DDR4,DDR4,107,83,550,186,Micro-ATX,ATX,0
AM4,LGA1700,DDR4,DDR4,74,423,850,245,Mini-ITX,Mini-ITX,0
LGA1700,LGA1200,DDR5,DDR4,156,173,450,325,ATX,Mini-ITX,0
AM4,AM4,DDR5,DDR4,77,110,850,301,ATX,Micro-ATX,0
LGA1700,LGA1700,DDR5,DDR5,166,161,1000,187,Mini-ITX,Micro-ATX,0
LGA1200,LGA1200,DDR5,DDR4,149,347,650,199,Micro-ATX,ATX,0
LGA1700,LGA1700,DDR5,DDR5,127,75,750,271,Mini-ITX,Micro-ATX,0
AM4,LGA1200,DDR4,DDR4,97,166,850,268,Micro-ATX,Micro-ATX,0
LGA1700,LGA1700,DDR4,DDR4,66,288,450,344,Mini-ITX,ATX,0
AM5,LGA1700,DDR4,DDR4,80,242,1000,259,ATX,ATX,0
LGA1700,LGA1700,DDR5,DDR4,79,381,1000,216,Micro-ATX,Micro-ATX,0
AM5,LGA1700,DDR5,DDR5,76,178,750,210,Mini-ITX,ATX,0
AM4,AM4,DDR4,DDR4,146,391,550,254,Micro-ATX,Mini-ITX,0
AM5,AM5,DDR5,DDR5,124,446,750,341,Micro-ATX,Mini-ITX,0
LGA1200,AM4,DDR4,DDR4,158,310,650,218,ATX,ATX,0
LGA1200,LGA1200,DDR4,DDR4,149,221,650,280,Micro-ATX,Micro-ATX,1
AM4,AM4,DDR4,DDR4,137,430,450,196,Mini-ITX,Mini-ITX,0
AM5,AM5,DDR5,DDR5,144,211,650,301,Micro-ATX,ATX,0
AM4,AM4,DDR5,DDR4,117,310,850,191,ATX,Micro-ATX,0
LGA1700,AM5,DDR4,DDR5,118,241,650,300,Mini-ITX,Mini-ITX,0
LGA1700,LGA1700,DDR5,DDR5,106,146,850,236,Micro-ATX,Micro-ATX,1
LGA1200,LGA1200,DDR4,DDR4,157,254,750,317,Micro-ATX,Micro-ATX,1
AM5,AM5,DDR5,DDR5,154,417,1000,320,Mini-ITX,Micro-ATX,0
AM5,LGA1700,DDR4,DDR4,109,371,850,325,Mini-ITX,ATX,0
LGA1200,LGA1200,DDR5,DDR4,84,370,1000,342,Micro-ATX,Mini-ITX,0
LGA1200,LGA1200,DDR4,DDR4,167,159,650,244,Mini-ITX,Mini-ITX,0
AM4,LGA1700,DDR4,DDR4,115,305,1000,281,Mini-ITX,Mini-ITX,0
AM5,AM5,DDR5,DDR5,90,375,850,327,ATX,ATX,1
AM5,AM5,DDR5,DDR5,67,397,850,208,ATX,Micro-ATX,1
LGA1200,AM5,DDR5,DDR5,160,132,550,203,Mini-ITX,ATX,0
LGA1700,LGA1200,DDR4,DDR4,104,126,1000,326,Mini-ITX,Micro-ATX,0
AM4,AM5,DDR5,DDR5,65,390,650,359,Micro-ATX,Mini-ITX,0
AM4,AM4,DDR4,DDR4,69,168,650,263,ATX,Micro-ATX,1
LGA1200,LGA1200,DDR4,DDR4,139,162,450,331,Mini-ITX,Micro-ATX,0
LGA1200,LGA1200,DDR4,DDR4,165,137,1000,237,Micro-ATX,Micro-ATX,1
LGA1200,LGA1700,DDR5,DDR5,160,216,750,232,Micro-ATX,Micro-ATX,0
AM5,LGA1200,DDR4,DDR4,87,341,1000,248,ATX,Micro-ATX,0
LGA1200,LGA1200,DDR4,DDR4,103,269,850,182,Mini-ITX,ATX,0
AM5,AM5,DDR5,DDR5,157,254,850,284,Micro-ATX,Mini-ITX,1
LGA1700,LGA1700,DDR4,DDR5,97,116,750,272,Mini-ITX,Mini-ITX,0
LGA1700,LGA1200,DDR4,DDR4,150,75,1000,311,Mini-ITX,Mini-ITX,0
AM5,AM5,DDR5,DDR5,104,388,650,351,Micro-ATX,Mini-ITX,0
AM4,AM4,DDR4,DDR4,106,207,650,223,ATX,Mini-ITX,1
AM4,AM4,DDR4,DDR4,106,357,750,248,Micro-ATX,Micro-ATX,1
AM5,LGA1700,DDR4,DDR4,144,284,850,263,Mini-ITX,ATX,0
LGA1700,LGA1700,DDR4,DDR4,124,110,650,358,ATX,Micro-ATX,1
AM5,AM5,DDR5,DDR5,125,262,550,199,Mini-ITX,Micro-ATX,0
LGA1700,AM5,DDR5,DDR5,143,77,450,195,Micro-ATX,Micro-ATX,0
AM5,AM5,DDR5,DDR5,84,218,1000,358,Micro-ATX,Micro-ATX,0
AM4,AM4,DDR4,DDR4,92,365,1000,272,Micro-ATX,Mini-ITX,1
AM4,AM4,DDR5,DDR4,169,264,1000,210,ATX,ATX,0
LGA1200,LGA1200,DDR4,DDR4,81,336,1000,354,ATX,Micro-ATX,1
LGA1700,LGA1700,DDR4,DDR4,74,98,750,334,Micro-ATX,ATX,0
LGA1200,LGA1200,DDR4,DDR4,136,127,550,227,Micro-ATX,Micro-ATX,1
LGA1700,LGA1700,DDR4,DDR4,163,90,750,240,Mini-ITX,Micro-ATX,0
AM5,AM4,DDR5,DDR4,122,288,550,309,Micro-ATX,Micro-ATX,0
AM5,LGA1700,DDR4,DDR4,101,264,450,211,Mini-ITX,Micro-ATX,0
AM4,AM4,DDR5,DDR4,79,212,550,344,Mini-ITX,Micro-ATX,0
AM4,AM4,DDR4,DDR4,149,186,1000,345,ATX,Mini-ITX,1
AM5,LGA1700,DDR4,DDR5,142,442,1000,206,Micro-ATX,Micro-ATX,0
LGA1700,LGA1700,DDR5,DDR5,132,212,1000,279,Micro-ATX,Mini-ITX,1
AM4,LGA1700,DDR4,DDR4,152,396,750,277,Micro-ATX,Mini-ITX,0
AM4,AM4,DDR4,DDR4,141,381,1000,262,Micro-ATX,ATX,0
AM4,AM5,DDR5,DDR5,150,194,450,345,Micro-ATX,ATX,0
AM5,AM5,DDR5,DDR5,99,418,1000,236,ATX,ATX,1
LGA1200,AM5,DDR5,DDR5,91,366,750,214,ATX,ATX,0
AM4,AM4,DDR4,DDR4,163,310,1000,354,Mini-ITX,Micro-ATX,0
LGA1700,AM4,DDR4,DDR4,79,437,450,188,Mini-ITX,ATX,0
AM4,AM4,DDR4,DDR4,148,422,550,292,ATX,ATX,0
AM5,AM4,DDR4,DDR4,134,442,450,245,Micro-ATX,Micro-ATX,0
AM5,AM4,DDR4,DDR4,165,303,1000,317,ATX,Mini-ITX,0
AM5,AM4,DDR4,DDR4,128,156,650,323,Micro-ATX,ATX,0
AM5,AM5,DDR4,DDR5,133,294,650,294,Mini-ITX,ATX,0
AM5,AM5,DDR4,DDR5,163,163,850,239,ATX,Micro-ATX,0
LGA1700,LGA1700,DDR5,DDR5,69,243,450,312,ATX,ATX,1
LGA1200,LGA1200,DDR5,DDR4,148,431,850,180,Mini-ITX,Micro-ATX,0
LGA1700,AM5,DDR5,DDR5,94,304,650,216,Mini-ITX,ATX,0
AM5,AM5,DDR5,DDR5,89,391,650,293,ATX,Micro-ATX,1
LGA1700,LGA1200,DDR4,DDR4,169,151,650,343,Mini-ITX,Mini-ITX,0
LGA1700,LGA1700,DDR5,DDR5,131,432,650,214,ATX,Mini-ITX,0
LGA1700,LGA1700,DDR5,DDR5,120,226,750,244,ATX,Micro-ATX,1
AM5,AM5,DDR4,DDR5,108,220,750,229,Mini-ITX,Micro-ATX,0
AM5,AM5,DDR5,DDR5,79,367,450,201,Micro-ATX,Micro-ATX,0
LGA1200,LGA1200,DDR4,DDR4,126,179,650,347,Micro-ATX,Micro-ATX,0
LGA1200,AM5,DDR5,DDR5,164,214,850,186,Mini-ITX,ATX,0
AM4,AM4,DDR5,DDR4,111,106,550,290,Micro-ATX,Mini-ITX,0
LGA1200,LGA1200,DDR4,DDR4,130,424,850,315,Mini-ITX,Micro-ATX,0
AM5,AM5,DDR5,DDR5,77,192,550,212,Mini-ITX,Mini-ITX,1
LGA1200,LGA1200,DDR4,DDR4,85,397,450,295,ATX,Mini-ITX,0
AM4,AM4,DDR4,DDR4,121,385,1000,241,Mini-ITX,Micro-ATX,0
AM4,AM4,DDR4,DDR4,128,129,650,256,Micro-ATX,Mini-ITX,1
AM5,AM5,DDR5,DDR5,167,96,1000,228,ATX,ATX,1
LGA1200,LGA1200,DDR4,DDR4,73,424,750,319,Micro-ATX,ATX,0
LGA1700,LGA1700,DDR5,DDR5,131,134,1000,207,ATX,Mini-ITX,1
AM5,AM5,DDR5,DDR5,66,403,550,345,Mini-ITX,Mini-ITX,0
LGA1700,LGA1700,DDR5,DDR5,152,422,750,202,ATX,ATX,1
LGA1700,LGA1700,DDR4,DDR4,79,414,450,268,Mini-ITX,Micro-ATX,0
LGA1200,AM5,DDR5,DDR5,166,93,650,295,Mini-ITX,Micro-ATX,0
AM5,AM5,DDR5,DDR5,107,322,850,301,Micro-ATX,Mini-ITX,1
AM5,LGA1700,DDR5,DDR5,126,321,850,203,Mini-ITX,ATX,0
AM5,AM5,DDR5,DDR5,139,384,1000,242,Mini-ITX,ATX,0
LGA1200,LGA1200,DDR4,DDR4,97,326,650,222,Mini-ITX,ATX,0
AM5,AM5,DDR5,DDR5,163,364,1000,195,Mini-ITX,Micro-ATX,0
LGA1200,LGA1200,DDR4,DDR4,116,153,550,346,Mini-ITX,Micro-ATX,0
LGA1700,AM5,DDR5,DDR5,149,240,850,199,Micro-ATX,ATX,0
LGA1200,LGA1200,DDR4,DDR4,106,344,850,268,Mini-ITX,ATX,0
LGA1200,LGA1200,DDR5,DDR4,80,356,850,342,Micro-ATX,Mini-ITX,0
LGA1700,LGA1700,DDR5,DDR5,132,385,550,219,Micro-ATX,Mini-ITX,0
AM5,LGA1700,DDR5,DDR5,65,348,850,322,ATX,Mini-ITX,0
AM5,AM5,DDR5,DDR5,73,278,550,291,ATX,ATX,1
AM5,AM5,DDR5,DDR5,155,324,850,289,Mini-ITX,Micro-ATX,0
AM5,AM5,DDR5,DDR5,116,123,750,216,Micro-ATX,ATX,0
LGA1200,LGA1200,DDR4,DDR4,163,268,450,257,ATX,ATX,0
AM5,LGA1700,DDR5,DDR4,69,331,650,320,Mini-ITX,Mini-ITX,0
LGA1700,LGA1700,DDR4,DDR4,100,328,650,210,Micro-ATX,Mini-ITX,1
LGA1200,LGA1200,DDR4,DDR4,69,339,650,339,ATX,Mini-ITX,1
LGA1200,LGA1200,DDR4,DDR4,85,166,750,265,ATX,Mini-ITX,1
AM4,AM4,DDR4,DDR4,160,409,550,291,Mini-ITX,Mini-ITX,0
LGA1700,LGA1700,DDR5,DDR5,154,421,650,352,ATX,Mini-ITX,0
AM4,AM4,DDR4,DDR4,132,124,750,232,Micro-ATX,Micro-ATX,1
AM4,AM4,DDR4,DDR4,157,192,550,234,Micro-ATX,ATX,0
LGA1700,LGA1200,DDR4,DDR4,129,429,750,339,ATX,ATX,0
LGA1700,LGA1700,DDR4,DDR4,141,293,550,230,Mini-ITX,Mini-ITX,1
AM4,AM4,DDR5,DDR4,126,432,850,320,Mini-ITX,Mini-ITX,0
AM5,AM5,DDR5,DDR5,81,99,1000,279,Mini-ITX,Micro-ATX,0
LGA1700,LGA1700,DDR4,DDR4,149,185,850,189,ATX,Micro-ATX,1
LGA1200,LGA1200,DDR4,DDR4,150,352,450,257,Mini-ITX,Micro-ATX,0
AM4,AM4,DDR4,DDR4,138,423,850,359,ATX,Mini-ITX,1
AM5,AM5,DDR5,DDR5,141,156,450,194,ATX,Mini-ITX,1
LGA1200,LGA1700,DDR4,DDR4,84,161,450,267,ATX,ATX,0
AM5,AM5,DDR5,DDR5,133,446,550,334,Mini-ITX,ATX,0
AM5,AM5,DDR5,DDR5,113,370,650,235,ATX,Mini-ITX,1
AM4,AM4,DDR4,DDR4,95,327,1000,258,Mini-ITX,Micro-ATX,0
LGA1200,AM5,DDR5,DDR5,79,310,550,338,ATX,Micro-ATX,0
LGA1700,LGA1200,DDR5,DDR4,102,284,550,346,Mini-ITX,Mini-ITX,0
LGA1700,LGA1700,DDR5,DDR5,109,351,850,355,Mini-ITX,ATX,0
AM5,AM5,DDR5,DDR5,99,239,850,246,ATX,ATX,1
AM5,LGA1700,DDR4,DDR4,84,304,1000,274,ATX,Mini-ITX,0
AM5,LGA1700,DDR4,DDR4,152,281,450,308,Mini-ITX,Micro-ATX,0
LGA1700,LGA1700,DDR5,DDR4,150,417,450,278,Micro-ATX,Mini-ITX,0
LGA1700,LGA1700,DDR4,DDR4,155,315,450,309,Micro-ATX,Micro-ATX,0
AM5,AM5,DDR5,DDR5,72,182,650,330,Micro-ATX,Mini-ITX,0
LGA1200,LGA1200,DDR4,DDR4,133,387,650,332,Micro-ATX,Mini-ITX,0
AM4,AM4,DDR5,DDR4,99,174,650,327,ATX,Micro-ATX,0
LGA1700,LGA1700,DDR5,DDR5,147,132,450,296,Micro-ATX,ATX,0
AM4,LGA1200,DDR4,DDR4,76,112,650,296,ATX,Micro-ATX,0
LGA1700,LGA1700,DDR5,DDR5,165,400,750,264,Mini-ITX,Mini-ITX,0
AM4,AM4,DDR4,DDR4,147,288,1000,264,Mini-ITX,Micro-ATX,0
AM5,LGA1200,DDR4,DDR4,88,114,850,209,Mini-ITX,Micro-ATX,0
LGA1200,LGA1200,DDR4,DDR4,96,151,1000,320,ATX,Mini-ITX,1
AM4,AM4,DDR4,DDR4,80,278,850,354,ATX,Micro-ATX,1
LGA1700,LGA1700,DDR5,DDR5,129,84,850,239,Micro-ATX,Micro-ATX,1
AM5,AM5,DDR5,DDR5,120,401,750,235,Mini-ITX,Mini-ITX,1
AM4,AM4,DDR4,DDR4,130,274,1000,313,Mini-ITX,ATX,0
LGA1200,AM5,DDR5,DDR5,90,346,1000,290,ATX,ATX,0
LGA1700,LGA1700,DDR5,DDR5,147,431,450,268,Micro-ATX,Mini-ITX,0
LGA1200,LGA1200,DDR4,DDR4,87,135,850,228,ATX,ATX,1
LGA1700,LGA1700,DDR4,DDR5,110,306,450,271,Mini-ITX,Mini-ITX,0
AM5,LGA1700,DDR5,DDR5,150,216,650,256,Mini-ITX,Mini-ITX,0
LGA1200,LGA1200,DDR4,DDR4,133,211,750,338,Micro-ATX,Mini-ITX,0
LGA1700,LGA1700,DDR5,DDR5,68,97,650,341,Micro-ATX,Mini-ITX,0
LGA1700,LGA1700,DDR4,DDR4,88,414,850,320,ATX,Mini-ITX,1
AM5,AM5,DDR5,DDR5,139,178,1000,307,Micro-ATX,Micro-ATX,1
AM4,AM5,DDR5,DDR5,91,362,650,224,ATX,Mini-ITX,0
LGA1200,LGA1200,DDR4,DDR4,65,333,750,312,Mini-ITX,Micro-ATX,0
AM4,AM4,DDR4,DDR4,158,95,650,256,Micro-ATX,ATX,0
LGA1200,LGA1700,DDR4,DDR5,108,323,750,322,Micro-ATX,Micro-ATX,0
AM4,LGA1200,DDR4,DDR4,128,91,850,295,ATX,ATX,0
AM4,AM4,DDR4,DDR4,153,268,550,181,Mini-ITX,Micro-ATX,0
AM5,AM4,DDR4,DDR4,130,401,750,182,ATX,ATX,0
AM5,AM5,DDR4,DDR5,119,154,650,329,ATX,Micro-ATX,0
LGA1700,LGA1700,DDR4,DDR4,160,211,850,325,Mini-ITX,ATX,0
AM4,AM4,DDR5,DDR4,109,363,750,298,Mini-ITX,ATX,0
AM4,LGA1700,DDR4,DDR4,93,198,1000,274,ATX,ATX,0
AM5,AM5,DDR5,DDR5,71,178,750,295,ATX,ATX,1
AM4,AM4,DDR4,DDR4,163,167,650,204,Mini-ITX,Micro-ATX,0
AM4,AM4,DDR4,DDR4,143,237,1000,289,Micro-ATX,Mini-ITX,1
LGA1700,LGA1700,DDR5,DDR5,90,307,550,235,Mini-ITX,ATX,0
AM5,AM5,DDR5,DDR5,139,122,750,259,Mini-ITX,ATX,0
LGA1700,LGA1700,DDR5,DDR5,125,425,650,336,Mini-ITX,Micro-ATX,0
AM4,AM4,DDR4,DDR4,133,258,550,197,Mini-ITX,Mini-ITX,1
AM5,AM4,DDR4,DDR4,77,114,850,320,Micro-ATX,Mini-ITX,0
AM4,LGA1700,DDR4,DDR4,154,430,1000,262,Micro-ATX,Micro-ATX,0
AM4,LGA1200,DDR4,DDR4,86,97,450,199,Mini-ITX,ATX,0
AM5,LGA1700,DDR5,DDR5,107,409,650,341,Micro-ATX,Mini-ITX,0
LGA1700,LGA1700,DDR4,DDR4,75,409,750,301,ATX,Micro-ATX,1
AM5,AM5,DDR5,DDR5,127,86,1000,220,Mini-ITX,Mini-ITX,1
AM4,AM4,DDR4,DDR4,154,252,1000,318,ATX,Micro-ATX,1
AM4,AM4,DDR4,DDR4,90,228,650,317,Mini-ITX,Micro-ATX,0
AM5,AM5,DDR5,DDR5,84,149,750,329,Micro-ATX,ATX,0
LGA1700,LGA1700,DDR5,DDR5,155,96,850,320,ATX,ATX,1
AM4,LGA1700,DDR4,DDR4,133,169,850,196,Micro-ATX,ATX,0
AM4,AM4,DDR4,DDR4,110,142,850,280,Mini-ITX,ATX,0
AM5,AM5,DDR5,DDR5,73,213,1000,210,Mini-ITX,ATX,0
AM5,AM5,DDR5,DDR5,157,231,450,338,ATX,Micro-ATX,0
LGA1200,LGA1200,DDR4,DDR4,167,364,450,243,Mini-ITX,Mini-ITX,0
AM5,LGA1200,DDR4,DDR4,127,237,850,331,Mini-ITX,ATX,0
AM5,AM5,DDR5,DDR5,143,157,1000,260,Micro-ATX,ATX,0
AM4,AM5,DDR5,DDR5,162,377,1000,309,Mini-ITX,Mini-ITX,0
LGA1200,LGA1200,DDR4,DDR4,66,393,750,343,ATX,ATX,1
LGA1700,LGA1700,DDR4,DDR4,156,132,750,358,ATX,Mini-ITX,1
AM5,AM4,DDR4,DDR4,101,115,550,288,Mini-ITX,Micro-ATX,0
AM5,AM5,DDR5,DDR5,93,432,750,257,ATX,Micro-ATX,1
LGA1200,LGA1200,DDR4,DDR4,87,369,1000,258,Mini-ITX,Mini-ITX,0
LGA1200,AM5,DDR5,DDR5,140,205,1000,333,ATX,Mini-ITX,0
LGA1200,LGA1200,DDR5,DDR4,110,340,650,225,Mini-ITX,Micro-ATX,0
AM4,AM4,DDR5,DDR4,154,252,850,212,Mini-ITX,ATX,0
LGA1200,LGA1200,DDR5,DDR4,140,95,750,250,Mini-ITX,Mini-ITX,0
LGA1200,AM5,DDR5,DDR5,71,266,450,284,ATX,Mini-ITX,0
AM5,AM5,DDR5,DDR5,74,433,1000,258,Mini-ITX,ATX,0
LGA1200,LGA1200,DDR4,DDR4,72,396,850,336,ATX,Mini-ITX,1
AM5,LGA1200,DDR4,DDR4,99,184,750,355,Mini-ITX,Micro-ATX,0
LGA1200,LGA1200,DDR4,DDR4,83,390,850,331,Mini-ITX,Micro-ATX,0
AM4,AM4,DDR4,DDR4,158,408,1000,211,Mini-ITX,Micro-ATX,0
AM4,AM4,DDR4,DDR4,124,329,850,318,Micro-ATX,Mini-ITX,1
AM4,AM4,DDR4,DDR4,167,196,650,316,Micro-ATX,ATX,0
AM5,AM5,DDR5,DDR5,77,143,450,275,Micro-ATX,ATX,0
AM4,AM4,DDR5,DDR4,123,290,550,352,Mini-ITX,Mini-ITX,0
LGA1200,LGA1700,DDR4,DDR4,88,165,650,268,Mini-ITX,Micro-ATX,0
AM4,AM4,DDR4,DDR4,93,247,1000,222,Mini-ITX,Micro-ATX,0
LGA1200,LGA1200,DDR4,DDR4,154,416,1000,290,Mini-ITX,Micro-ATX,0
AM4,AM4,DDR4,DDR4,140,421,850,259,ATX,Micro-ATX,1
AM5,AM5,DDR5,DDR5,93,178,850,283,Micro-ATX,Micro-ATX,1
LGA1700,LGA1700,DDR4,DDR4,73,232,650,321,Mini-ITX,ATX,0
AM5,AM5,DDR5,DDR5,148,161,750,301,ATX,Mini-ITX,1
AM4,AM5,DDR5,DDR5,108,307,1000,297,ATX,ATX,0
AM5,AM5,DDR5,DDR5,80,431,650,353,Micro-ATX,ATX,0
AM5,AM5,DDR5,DDR5,81,388,1000,218,Micro-ATX,Micro-ATX,1
LGA1200,LGA1200,DDR4,DDR4,148,167,750,215,ATX,Mini-ITX,1
AM4,AM4,DDR4,DDR4,83,212,650,271,Micro-ATX,ATX,0
AM4,AM4,DDR4,DDR4,85,199,850,231,Micro-ATX,Mini-ITX,1
LGA1700,LGA1700,DDR4,DDR4,153,389,1000,349,ATX,Micro-ATX,1
AM4,AM4,DDR4,DDR4,96,247,450,324,Mini-ITX,Mini-ITX,0
LGA1200,LGA1700,DDR5,DDR5,113,433,850,305,ATX,Mini-ITX,0
AM4,AM4,DDR4,DDR4,148,197,1000,234,Micro-ATX,Micro-ATX,1
LGA1200,LGA1200,DDR4,DDR4,112,131,650,286,ATX,ATX,1
LGA1200,LGA1200,DDR4,DDR4,92,156,1000,300,ATX,Micro-ATX,1
AM5,AM5,DDR5,DDR5,104,356,550,223,Mini-ITX,Micro-ATX,0
AM4,AM4,DDR4,DDR4,135,409,650,233,Mini-ITX,Micro-ATX,0
AM4,AM4,DDR4,DDR4,115,317,850,302,Mini-ITX,Micro-ATX,0
AM5,AM5,DDR5,DDR5,121,355,850,351,ATX,Micro-ATX,1
LGA1200,LGA1200,DDR4,DDR4,92,251,750,342,ATX,ATX,1
LGA1200,LGA1200,DDR4,DDR4,103,349,450,231,Micro-ATX,Micro-ATX,0
LGA1200,LGA1200,DDR5,DDR4,115,409,450,353,ATX,Mini-ITX,0
LGA1200,LGA1200,DDR4,DDR4,95,163,850,325,ATX,Mini-ITX,1
LGA1200,LGA1200,DDR4,DDR4,85,101,650,308,ATX,ATX,1
AM5,AM5,DDR5,DDR5,85,151,1000,217,Micro-ATX,Micro-ATX,1
AM5,AM5,DDR5,DDR5,111,211,650,199,Mini-ITX,ATX,0
AM4,AM4,DDR4,DDR4,70,100,550,302,Mini-ITX,Micro-ATX,0
LGA1200,LGA1200,DDR5,DDR4,135,399,750,355,Mini-ITX,Mini-ITX,0
LGA1200,AM4,DDR4,DDR4,87,348,450,266,Mini-ITX,ATX,0
AM4,AM5,DDR5,DDR5,107,415,450,275,Mini-ITX,ATX,0
LGA1700,LGA1700,DDR4,DDR4,149,148,750,194,ATX,Mini-ITX,1
AM5,AM5,DDR4,DDR5,136,167,550,220,Micro-ATX,Mini-ITX,0
LGA1700,AM5,DDR5,DDR5,75,183,550,287,Mini-ITX,Mini-ITX,0
LGA1700,AM5,DDR5,DDR5,147,278,650,312,ATX,ATX,0
LGA1200,LGA1200,DDR4,DDR4,112,177,750,263,ATX,ATX,1
AM4,LGA1200,DDR4,DDR4,98,384,450,235,Micro-ATX,Mini-ITX,0
AM5,AM5,DDR5,DDR5,136,181,750,183,ATX,Mini-ITX,1
AM4,AM4,DDR4,DDR4,71,412,750,283,ATX,ATX,1
AM4,AM4,DDR4,DDR4,167,445,750,272,Mini-ITX,ATX,0
AM5,AM5,DDR5,DDR5,138,180,450,209,Mini-ITX,Micro-ATX,0
LGA1200,LGA1200,DDR4,DDR4,148,225,1000,180,Micro-ATX,ATX,0
LGA1200,LGA1200,DDR5,DDR4,147,254,1000,300,ATX,Mini-ITX,0
AM4,LGA1700,DDR5,DDR5,149,398,550,275,ATX,ATX,0
LGA1200,LGA1200,DDR5,DDR4,99,397,850,231,ATX,Mini-ITX,0
LGA1200,LGA1200,DDR4,DDR4,121,400,1000,229,ATX,ATX,1
AM4,LGA1200,DDR4,DDR4,136,292,450,220,Micro-ATX,ATX,0
LGA1700,LGA1700,DDR5,DDR5,92,170,450,333,Mini-ITX,Micro-ATX,0
AM5,AM4,DDR4,DDR4,92,378,1000,358,ATX,Micro-ATX,0
AM5,AM5,DDR5,DDR5,127,332,550,280,Mini-ITX,Mini-ITX,0
LGA1700,LGA1700,DDR4,DDR4,99,129,450,350,Mini-ITX,Mini-ITX,0
AM4,LGA1200,DDR4,DDR4,92,127,850,257,Mini-ITX,Mini-ITX,0
AM4,AM4,DDR4,DDR4,99,244,550,286,Micro-ATX,ATX,0
AM4,AM4,DDR4,DDR4,75,405,650,309,ATX,ATX,1
AM4,LGA1200,DDR4,DDR4,168,423,850,324,Micro-ATX,ATX,0
AM4,AM4,DDR4,DDR4,105,261,1000,351,Micro-ATX,Mini-ITX,0
AM5,AM4,DDR4,DDR4,138,229,1000,346,Micro-ATX,Micro-ATX,0
LGA1700,LGA1700,DDR4,DDR4,161,197,550,279,Micro-ATX,ATX,0
LGA1200,LGA1200,DDR4,DDR4,143,430,850,319,Micro-ATX,Micro-ATX,1
LGA1700,LGA1700,DDR4,DDR4,84,285,850,319,ATX,ATX,1
AM4,AM4,DDR5,DDR4,88,91,450,203,ATX,ATX,0
LGA1700,LGA1700,DDR4,DDR4,127,409,550,274,Micro-ATX,Micro-ATX,0
AM4,AM5,DDR5,DDR5,133,187,550,197,ATX,ATX,0
AM4,AM4,DDR4,DDR4,126,279,850,235,ATX,ATX,1
LGA1700,LGA1700,DDR4,DDR4,159,353,450,224,Mini-ITX,Mini-ITX,0
AM5,AM5,DDR5,DDR5,72,344,450,234,Micro-ATX,Micro-ATX,0
LGA1700,LGA1700,DDR4,DDR4,108,82,1000,332,ATX,Mini-ITX,1
LGA1200,LGA1700,DDR5,DDR5,120,197,1000,195,Mini-ITX,Micro-ATX,0
LGA1200,LGA1200,DDR4,DDR4,169,257,550,225,Micro-ATX,ATX,0
LGA1700,LGA1700,DDR5,DDR5,143,285,750,303,Micro-ATX,ATX,0
AM4,AM4,DDR4,DDR4,97,240,450,323,Micro-ATX,Micro-ATX,0
AM5,AM5,DDR4,DDR5,75,413,1000,341,Mini-ITX,Micro-ATX,0
AM4,AM4,DDR4,DDR4,73,295,1000,347,Micro-ATX,Micro-ATX,0
AM5,AM5,DDR5,DDR5,118,394,850,315,ATX,Micro-ATX,1
LGA1700,LGA1700,DDR5,DDR5,143,372,850,301,Micro-ATX,Micro-ATX,1
LGA1700,LGA1700,DDR5,DDR5,136,308,1000,226,ATX,ATX,1
AM4,LGA1700,DDR4,DDR4,129,240,1000,272,Micro-ATX,Mini-ITX,0
LGA1200,LGA1200,DDR4,DDR4,120,208,450,300,ATX,Mini-ITX,1
LGA1200,LGA1200,DDR5,DDR4,118,239,550,283,Mini-ITX,ATX,0
AM4,AM4,DDR4,DDR4,164,103,550,218,Micro-ATX,Mini-ITX,1
AM4,AM4,DDR4,DDR4,125,112,750,231,Micro-ATX,ATX,0
LGA1700,LGA1700,DDR5,DDR5,141,278,550,266,Mini-ITX,Micro-ATX,0
LGA1200,LGA1200,DDR4,DDR4,68,98,850,279,Micro-ATX,Micro-ATX,1
AM5,AM5,DDR5,DDR5,169,85,750,280,Mini-ITX,Micro-ATX,0
LGA1200,LGA1200,DDR4,DDR4,90,172,750,279,ATX,Micro-ATX,1
AM5,AM5,DDR5,DDR5,161,304,550,315,Mini-ITX,Mini-ITX,0
LGA1200,LGA1200,DDR4,DDR4,86,198,1000,216,Micro-ATX,ATX,0
AM5,AM5,DDR5,DDR5,68,322,650,319,Micro-ATX,Mini-ITX,1
LGA1700,LGA1700,DDR5,DDR5,131,203,450,256,Mini-ITX,Mini-ITX,0
LGA1200,AM4,DDR4,DDR4,140,86,650,205,Micro-ATX,ATX,0
AM4,AM4,DDR4,DDR4,107,76,650,332,ATX,ATX,1
LGA1200,LGA1700,DDR4,DDR4,128,358,750,217,Mini-ITX,Micro-ATX,0
LGA1200,LGA1200,DDR4,DDR4,100,302,750,220,ATX,Mini-ITX,1
LGA1200,LGA1700,DDR4,DDR4,166,202,1000,224,Micro-ATX,ATX,0
AM4,AM5,DDR5,DDR5,96,166,1000,239,ATX,Mini-ITX,0
LGA1200,LGA1200,DDR4,DDR4,71,164,550,203,ATX,Micro-ATX,1
LGA1200,LGA1200,DDR4,DDR4,152,349,650,296,ATX,Micro-ATX,1
LGA1700,AM4,DDR4,DDR4,127,180,1000,350,Mini-ITX,ATX,0
LGA1200,AM5,DDR5,DDR5,158,135,850,258,ATX,Mini-ITX,0
LGA1700,LGA1200,DDR5,DDR4,66,204,750,199,ATX,Micro-ATX,0
LGA1200,LGA1200,DDR4,DDR4,144,311,1000,198,Micro-ATX,Micro-ATX,1
AM4,AM4,DDR4,DDR4,167,297,1000,186,Micro-ATX,Micro-ATX,1
AM5,LGA1200,DDR4,DDR4,128,131,450,199,Mini-ITX,ATX,0
AM5,AM5,DDR4,DDR5,66,124,1000,349,Mini-ITX,Micro-ATX,0
LGA1200,LGA1200,DDR4,DDR4,119,323,450,346,ATX,Mini-ITX,0
AM5,AM5,DDR5,DDR5,108,269,850,353,Mini-ITX,Mini-ITX,0
LGA1200,LGA1200,DDR5,DDR4,77,90,650,294,Micro-ATX,Mini-ITX,0
LGA1700,LGA1200,DDR4,DDR4,129,315,550,246,Micro-ATX,ATX,0
LGA1700,LGA1700,DDR4,DDR4,102,148,850,201,Micro-ATX,ATX,0
LGA1700,LGA1700,DDR5,DDR5,92,265,450,228,Mini-ITX,Mini-ITX,1
AM5,AM5,DDR5,DDR5,105,248,750,279,Micro-ATX,Mini-ITX,1
AM5,AM5,DDR5,DDR5,114,127,850,295,Mini-ITX,Micro-ATX,0
AM4,AM4,DDR4,DDR4,113,246,550,332,ATX,ATX,1
AM4,AM4,DDR4,DDR4,168,281,450,223,Micro-ATX,ATX,0
AM5,AM5,DDR5,DDR5,140,79,650,359,Micro-ATX,ATX,0
LGA1700,AM5,DDR5,DDR5,104,408,850,349,ATX,ATX,0
LGA1200,LGA1200,DDR4,DDR4,105,102,850,197,ATX,ATX,1
LGA1200,LGA1700,DDR5,DDR5,122,445,1000,312,Mini-ITX,Mini-ITX,0
LGA1700,LGA1700,DDR5,DDR5,100,149,1000,297,ATX,Micro-ATX,1
LGA1700,AM5,DDR5,DDR5,112,366,650,266,ATX,Micro-ATX,0
LGA1700,AM4,DDR5,DDR4,98,245,750,217,Micro-ATX,Micro-ATX,0
AM5,AM5,DDR5,DDR5,165,404,650,309,Mini-ITX,ATX,0
LGA1700,LGA1700,DDR5,DDR5,128,90,450,326,Mini-ITX,ATX,0
AM4,LGA1200,DDR4,DDR4,164,421,750,319,Micro-ATX,ATX,0
AM5,AM5,DDR4,DDR5,99,326,550,200,ATX,ATX,0
LGA1200,LGA1700,DDR4,DDR4,83,377,750,256,Micro-ATX,Mini-ITX,0
AM5,LGA1200,DDR4,DDR4,77,338,650,357,ATX,Micro-ATX,0
AM5,AM5,DDR5,DDR5,161,320,450,197,Micro-ATX,Micro-ATX,0
LGA1700,LGA1700,DDR4,DDR4,89,259,1000,328,ATX,Mini-ITX,1
LGA1700,LGA1700,DDR5,DDR5,169,432,750,352,Mini-ITX,ATX,0
AM4,AM4,DDR4,DDR4,102,384,750,301,ATX,Micro-ATX,1
AM5,AM5,DDR5,DDR5,157,112,1000,242,Mini-ITX,Micro-ATX,0
LGA1200,LGA1200,DDR4,DDR4,80,385,450,212,Micro-ATX,ATX,0
AM4,AM4,DDR4,DDR4,70,304,550,316,Mini-ITX,ATX,0
LGA1200,AM5,DDR5,DDR5,65,88,450,217,Micro-ATX,Micro-ATX,0
AM5,LGA1700,DDR5,DDR5,123,316,550,351,ATX,ATX,0
AM5,AM5,DDR5,DDR5,150,134,1000,237,ATX,Micro-ATX,1
LGA1700,LGA1700,DDR4,DDR4,129,201,1000,194,Mini-ITX,Mini-ITX,1
LGA1700,LGA1700,DDR4,DDR4,82,281,650,265,ATX,Mini-ITX,1
LGA1200,LGA1200,DDR4,DDR4,75,413,550,283,Mini-ITX,Mini-ITX,0
AM5,AM5,DDR5,DDR5,81,79,550,314,Mini-ITX,Mini-ITX,0
AM4,AM4,DDR4,DDR4,150,180,650,224,Micro-ATX,Mini-ITX,1
AM4,AM4,DDR4,DDR4,124,304,550,217,Micro-ATX,ATX,0
LGA1200,AM4,DDR4,DDR4,133,229,450,202,Mini-ITX,Micro-ATX,0
LGA1700,LGA1700,DDR5,DDR5,167,181,850,255,Micro-ATX,Mini-ITX,1
AM4,AM4,DDR4,DDR4,117,186,550,305,ATX,Mini-ITX,1
LGA1200,LGA1200,DDR4,DDR4,112,211,650,184,Mini-ITX,Micro-ATX,0
AM4,LGA1700,DDR4,DDR4,90,340,550,195,Mini-ITX,ATX,0
LGA1200,AM4,DDR4,DDR4,163,99,850,262,Mini-ITX,ATX,0
LGA1700,LGA1700,DDR5,DDR5,131,255,1000,284,Micro-ATX,Mini-ITX,1
LGA1200,AM5,DDR5,DDR5,138,322,1000,245,Mini-ITX,ATX,0
LGA1200,LGA1200,DDR4,DDR4,150,370,650,224,Mini-ITX,Micro-ATX,0
LGA1200,LGA1200,DDR4,DDR4,139,300,850,215,ATX,ATX,1
LGA1700,LGA1700,DDR5,DDR5,65,331,850,244,Mini-ITX,Mini-ITX,0
AM4,AM5,DDR5,DDR5,164,326,1000,282,Mini-ITX,ATX,0
LGA1200,LGA1200,DDR4,DDR4,130,129,1000,248,Mini-ITX,Mini-ITX,0
AM4,AM4,DDR4,DDR4,122,395,850,221,ATX,ATX,1
LGA1700,LGA1700,DDR5,DDR5,116,360,550,185,ATX,ATX,0
LGA1200,LGA1200,DDR4,DDR4,90,199,450,342,Micro-ATX,Mini-ITX,0
AM5,AM5,DDR5,DDR5,123,341,750,256,Mini-ITX,Mini-ITX,0
AM5,LGA1200,DDR5,DDR4,109,337,750,323,ATX,Mini-ITX,0
LGA1700,LGA1700,DDR4,DDR5,112,136,550,329,ATX,ATX,0
AM5,AM5,DDR5,DDR5,68,156,650,211,ATX,ATX,1
LGA1700,LGA1700,DDR4,DDR4,72,186,450,299,ATX,Mini-ITX,1
AM4,AM5,DDR5,DDR5,97,358,1000,276,Micro-ATX,ATX,0
LGA1700,LGA1700,DDR4,DDR4,133,168,1000,355,ATX,ATX,1
LGA1200,AM4,DDR4,DDR4,65,222,750,194,Micro-ATX,Micro-ATX,0
AM5,AM5,DDR5,DDR5,167,101,550,181,Micro-ATX,Micro-ATX,1
LGA1700,LGA1700,DDR5,DDR5,80,294,1000,313,Mini-ITX,Micro-ATX,0
LGA1200,LGA1200,DDR4,DDR4,162,192,450,323,Micro-ATX,ATX,0
AM4,LGA1200,DDR5,DDR4,124,185,850,351,Micro-ATX,ATX,0
LGA1200,LGA1200,DDR4,DDR4,156,406,450,234,Mini-ITX,Micro-ATX,0
LGA1700,LGA1700,DDR5,DDR4,100,328,550,294,Micro-ATX,Mini-ITX,0
LGA1700,LGA1700,DDR4,DDR4,97,428,1000,279,Micro-ATX,Micro-ATX,1
LGA1200,AM4,DDR4,DDR4,159,156,1000,196,ATX,ATX,0
LGA1700,LGA1700,DDR4,DDR4,119,118,1000,247,Micro-ATX,Micro-ATX,1
LGA1700,AM5,DDR5,DDR5,73,407,550,343,Mini-ITX,Mini-ITX,0
LGA1700,LGA1700,DDR4,DDR4,159,127,750,195,Micro-ATX,ATX,0
AM5,LGA1700,DDR4,DDR5,166,371,850,193,Micro-ATX,Micro-ATX,0
AM5,AM4,DDR4,DDR4,75,332,450,302,ATX,ATX,0
AM4,LGA1200,DDR4,DDR4,115,250,1000,188,Mini-ITX,ATX,0
AM5,AM5,DDR4,DDR5,143,430,650,211,ATX,ATX,0
LGA1700,AM4,DDR5,DDR4,115,350,750,238,Micro-ATX,ATX,0
AM5,AM5,DDR5,DDR5,113,167,750,280,Micro-ATX,ATX,0
LGA1700,LGA1700,DDR5,DDR5,121,431,650,238,Mini-ITX,Micro-ATX,0
AM5,AM4,DDR4,DDR4,119,153,650,180,Micro-ATX,Mini-ITX,0
LGA1200,LGA1200,DDR4,DDR4,134,300,750,283,Micro-ATX,Mini-ITX,1
AM4,AM4,DDR4,DDR4,85,383,750,258,Mini-ITX,Micro-ATX,0
AM4,LGA1200,DDR4,DDR4,104,416,1000,204,Mini-ITX,Mini-ITX,0
LGA1700,LGA1700,DDR5,DDR4,75,203,1000,259,Micro-ATX,ATX,0
AM4,AM4,DDR5,DDR4,123,400,450,182,Micro-ATX,ATX,0
LGA1200,LGA1200,DDR4,DDR4,100,282,650,186,Mini-ITX,Mini-ITX,1
AM4,LGA1700,DDR4,DDR4,68,141,750,205,Mini-ITX,Micro-ATX,0
AM5,AM4,DDR4,DDR4,73,318,1000,339,Mini-ITX,ATX,0
AM4,LGA1200,DDR4,DDR4,94,417,550,355,Mini-ITX,ATX,0
LGA1200,AM4,DDR4,DDR4,169,242,750,210,ATX,Micro-ATX,0
AM4,AM4,DDR5,DDR4,136,126,450,247,Mini-ITX,Micro-ATX,0
LGA1200,LGA1200,DDR4,DDR4,141,347,850,301,Mini-ITX,Micro-ATX,0
AM5,AM5,DDR5,DDR5,118,270,650,310,ATX,Micro-ATX,1
AM5,AM5,DDR5,DDR5,144,234,850,208,Mini-ITX,Mini-ITX,1
AM4,AM4,DDR4,DDR4,88,235,850,341,Micro-ATX,ATX,0
AM5,LGA1200,DDR4,DDR4,144,291,650,346,Mini-ITX,ATX,0
LGA1200,AM5,DDR5,DDR5,139,436,650,194,Micro-ATX,Mini-ITX,0
LGA1700,LGA1700,DDR5,DDR5,74,201,850,324,ATX,Micro-ATX,1
AM4,AM4,DDR4,DDR4,86,93,650,198,Micro-ATX,Micro-ATX,1
LGA1700,LGA1700,DDR4,DDR4,75,375,750,225,Mini-ITX,Mini-ITX,1
LGA1200,LGA1200,DDR4,DDR4,99,187,1000,204,Micro-ATX,Micro-ATX,1
AM4,AM4,DDR4,DDR4,78,194,450,181,Micro-ATX,Micro-ATX,1
AM5,AM5,DDR4,DDR5,127,449,550,246,ATX,ATX,0
LGA1200,LGA1200,DDR4,DDR4,134,341,750,252,Micro-ATX,Mini-ITX,1
AM4,AM4,DDR4,DDR4,122,150,1000,236,Micro-ATX,Mini-ITX,1
AM5,AM5,DDR5,DDR5,113,448,650,300,Micro-ATX,Micro-ATX,0
AM5,AM5,DDR5,DDR5,93,315,850,340,Mini-ITX,Micro-ATX,0
AM5,LGA1700,DDR5,DDR5,82,206,450,182,Micro-ATX,ATX,0
LGA1200,LGA1200,DDR4,DDR4,74,110,650,283,Micro-ATX,ATX,0
AM4,AM4,DDR4,DDR4,129,258,1000,331,ATX,Mini-ITX,1
AM4,AM5,DDR5,DDR5,90,178,550,255,ATX,Micro-ATX,0
LGA1200,LGA1200,DDR5,DDR4,164,179,1000,327,ATX,Micro-ATX,0
AM4,AM4,DDR4,DDR4,116,78,650,277,Mini-ITX,ATX,0
AM5,AM5,DDR5,DDR5,134,216,1000,269,Micro-ATX,Micro-ATX,1
LGA1700,LGA1700,DDR4,DDR4,136,342,450,254,Mini-ITX,Mini-ITX,0
LGA1700,LGA1700,DDR5,DDR5,115,271,450,325,ATX,Micro-ATX,0
AM4,AM4,DDR4,DDR4,95,358,1000,220,Micro-ATX,Mini-ITX,1
LGA1700,LGA1700,DDR5,DDR5,67,247,650,345,Mini-ITX,Micro-ATX,0
LGA1700,LGA1700,DDR4,DDR4,88,216,850,295,ATX,Micro-ATX,1
LGA1700,LGA1700,DDR4,DDR4,75,229,550,234,Mini-ITX,Micro-ATX,0
LGA1700,LGA1700,DDR5,DDR5,115,393,850,224,Mini-ITX,Mini-ITX,1
LGA1200,LGA1200,DDR4,DDR4,100,253,1000,330,ATX,ATX,1
AM4,AM4,DDR4,DDR4,137,361,1000,310,Micro-ATX,Mini-ITX,1
AM5,AM5,DDR5,DDR5,87,145,1000,324,Micro-ATX,Mini-ITX,0
LGA1200,LGA1200,DDR4,DDR4,115,202,650,308,Mini-ITX,ATX,0
LGA1200,LGA1200,DDR4,DDR4,88,438,650,350,Micro-ATX,Micro-ATX,0
LGA1700,LGA1700,DDR5,DDR5,111,247,850,188,Micro-ATX,Micro-ATX,1
LGA1200,LGA1200,DDR4,DDR4,134,151,850,266,Mini-ITX,ATX,0
LGA1200,LGA1200,DDR5,DDR4,83,446,450,229,Mini-ITX,Micro-ATX,0
AM5,LGA1200,DDR4,DDR4,94,377,750,287,ATX,Mini-ITX,0
AM5,AM5,DDR5,DDR5,145,362,750,201,ATX,Micro-ATX,1
LGA1700,LGA1700,DDR5,DDR5,74,323,750,333,Micro-ATX,ATX,0
AM4,AM4,DDR4,DDR4,150,171,750,348,ATX,Mini-ITX,1
AM4,AM4,DDR4,DDR4,149,290,850,207,Mini-ITX,Mini-ITX,1
AM5,AM5,DDR5,DDR5,159,390,650,296,Mini-ITX,Mini-ITX,0
AM5,AM5,DDR5,DDR5,117,393,650,253,Mini-ITX,Micro-ATX,0
LGA1200,LGA1200,DDR4,DDR4,166,255,1000,219,Micro-ATX,Micro-ATX,1
LGA1700,LGA1700,DDR4,DDR4,166,164,1000,268,ATX,Mini-ITX,1
AM4,AM4,DDR4,DDR4,130,80,550,315,ATX,Micro-ATX,1
LGA1700,LGA1700,DDR5,DDR4,136,108,450,188,Micro-ATX,Mini-ITX,0
LGA1200,LGA1200,DDR4,DDR4,127,345,750,306,Micro-ATX,ATX,0
AM4,AM4,DDR4,DDR4,160,429,450,219,Micro-ATX,Micro-ATX,0
AM4,AM5,DDR5,DDR5,155,115,850,252,Mini-ITX,Mini-ITX,0
AM4,AM4,DDR5,DDR4,153,264,850,339,Mini-ITX,Mini-ITX,0
AM5,AM5,DDR5,DDR5,95,221,650,287,ATX,Mini-ITX,1
AM4,AM5,DDR5,DDR5,139,354,550,314,ATX,Mini-ITX,0
AM4,AM4,DDR4,DDR4,84,435,750,230,ATX,ATX,1
AM4,AM4,DDR4,DDR4,154,218,450,289,Micro-ATX,Mini-ITX,1
AM5,AM5,DDR5,DDR5,98,308,450,320,ATX,Mini-ITX,0
AM4,AM4,DDR4,DDR4,113,205,450,284,Mini-ITX,Micro-ATX,0
AM5,AM5,DDR5,DDR5,99,83,850,182,ATX,ATX,1
AM5,AM5,DDR5,DDR5,67,106,650,205,Mini-ITX,Micro-ATX,0
LGA1200,LGA1200,DDR4,DDR4,145,236,1000,245,ATX,Micro-ATX,1
AM4,AM4,DDR4,DDR4,135,304,850,347,ATX,Mini-ITX,1
LGA1200,LGA1200,DDR4,DDR4,95,380,850,268,Mini-ITX,ATX,0
LGA1700,LGA1700,DDR5,DDR5,157,309,550,258,ATX,ATX,0
LGA1700,LGA1700,DDR5,DDR5,79,325,550,200,Micro-ATX,Mini-ITX,1
LGA1700,LGA1700,DDR5,DDR5,90,433,450,343,Mini-ITX,ATX,0
AM5,AM5,DDR4,DDR5,77,381,850,249,ATX,Mini-ITX,0
LGA1200,LGA1200,DDR4,DDR4,104,269,650,297,Micro-ATX,ATX,0
AM5,LGA1200,DDR4,DDR4,165,247,750,321,Mini-ITX,Mini-ITX,0
AM4,LGA1200,DDR4,DDR4,126,353,1000,328,Micro-ATX,Micro-ATX,0
AM4,AM4,DDR4,DDR4,163,373,650,261,ATX,Mini-ITX,1
AM4,AM4,DDR4,DDR4,159,234,650,240,Mini-ITX,Micro-ATX,0
AM5,AM5,DDR5,DDR5,132,447,650,355,Micro-ATX,Micro-ATX,0
LGA1700,LGA1700,DDR5,DDR5,81,421,550,209,Micro-ATX,ATX,0
AM5,AM5,DDR5,DDR5,144,222,550,208,Mini-ITX,Mini-ITX,1
LGA1700,AM5,DDR5,DDR5,115,403,750,326,Mini-ITX,ATX,0
LGA1700,LGA1700,DDR5,DDR5,108,221,750,349,Mini-ITX,Mini-ITX,0
AM5,LGA1200,DDR5,DDR4,141,314,750,250,Mini-ITX,Micro-ATX,0
LGA1700,LGA1700,DDR5,DDR5,126,162,1000,304,Micro-ATX,Micro-ATX,1
LGA1700,LGA1700,DDR5,DDR5,119,362,850,264,Micro-ATX,ATX,0
AM5,AM5,DDR5,DDR5,163,248,1000,333,Mini-ITX,Mini-ITX,0
AM5,AM5,DDR5,DDR5,144,361,1000,198,Mini-ITX,ATX,0
AM4,AM4,DDR4,DDR4,125,130,850,359,Micro-ATX,Mini-ITX,0
AM5,AM5,DDR5,DDR5,168,100,1000,223,Mini-ITX,Mini-ITX,1
AM5,AM5,DDR5,DDR5,102,304,450,334,Micro-ATX,ATX,0
AM4,AM4,DDR4,DDR4,81,260,650,181,ATX,Mini-ITX,1
LGA1700,LGA1700,DDR4,DDR4,132,88,650,315,Micro-ATX,Mini-ITX,1
LGA1700,LGA1700,DDR5,DDR5,123,138,650,206,Micro-ATX,Mini-ITX,1
AM5,AM5,DDR5,DDR5,152,346,1000,203,Mini-ITX,Mini-ITX,1
AM5,AM5,DDR5,DDR5,130,151,650,285,Mini-ITX,ATX,0
LGA1200,AM4,DDR5,DDR4,142,318,450,337,Micro-ATX,ATX,0
LGA1200,LGA1200,DDR4,DDR4,159,355,1000,348,Mini-ITX,Micro-ATX,0
LGA1200,LGA1200,DDR4,DDR4,125,342,750,182,ATX,Mini-ITX,1
LGA1700,LGA1700,DDR5,DDR5,117,124,650,328,Micro-ATX,Mini-ITX,0
LGA1700,LGA1700,DDR4,DDR4,133,204,650,337,Micro-ATX,ATX,0
AM4,AM4,DDR4,DDR4,107,422,850,231,ATX,Mini-ITX,1
AM5,AM5,DDR5,DDR5,104,227,450,319,Micro-ATX,Micro-ATX,1
AM4,AM4,DDR4,DDR4,149,222,450,224,Mini-ITX,Mini-ITX,1
LGA1700,AM4,DDR5,DDR4,158,309,450,296,ATX,ATX,0
LGA1200,LGA1200,DDR4,DDR4,90,289,650,190,Micro-ATX,Micro-ATX,1
LGA1700,LGA1700,DDR5,DDR5,110,435,650,303,Micro-ATX,ATX,0
LGA1200,LGA1200,DDR4,DDR4,135,81,750,182,ATX,Mini-ITX,1
AM4,AM4,DDR4,DDR4,114,274,1000,227,Micro-ATX,Mini-ITX,1
AM4,AM4,DDR5,DDR4,149,133,1000,239,ATX,Micro-ATX,0
LGA1700,LGA1700,DDR4,DDR4,148,351,1000,204,Mini-ITX,Mini-ITX,1
AM5,AM5,DDR5,DDR5,75,274,750,334,Mini-ITX,ATX,0
AM5,AM5,DDR4,DDR5,160,244,750,310,ATX,Micro-ATX,0
LGA1700,LGA1700,DDR5,DDR4,144,425,650,190,ATX,Mini-ITX,0
AM4,AM4,DDR4,DDR4,76,136,750,304,ATX,Mini-ITX,1
AM5,LGA1700,DDR5,DDR5,138,175,1000,206,Micro-ATX,ATX,0
LGA1200,LGA1200,DDR4,DDR4,159,118,750,186,Micro-ATX,Micro-ATX,1
LGA1700,AM5,DDR5,DDR5,132,106,650,334,ATX,Micro-ATX,0
LGA1700,AM4,DDR4,DDR4,153,307,1000,238,Micro-ATX,ATX,0
AM4,AM4,DDR4,DDR4,151,380,1000,271,Mini-ITX,Micro-ATX,0
LGA1700,LGA1700,DDR4,DDR4,82,180,850,182,ATX,Micro-ATX,1
LGA1200,LGA1200,DDR4,DDR4,112,407,850,287,ATX,Mini-ITX,1
AM5,AM5,DDR5,DDR5,105,144,750,352,Mini-ITX,Micro-ATX,0
LGA1200,AM5,DDR4,DDR5,132,131,1000,187,Micro-ATX,Mini-ITX,0
AM4,LGA1200,DDR4,DDR4,86,165,450,299,ATX,Micro-ATX,0
LGA1700,LGA1700,DDR4,DDR4,76,298,750,246,Mini-ITX,Micro-ATX,0
AM5,AM5,DDR5,DDR5,68,331,850,228,Mini-ITX,ATX,0
AM4,LGA1200,DDR4,DDR4,116,287,450,287,ATX,ATX,0
AM4,AM4,DDR4,DDR4,103,146,1000,323,Mini-ITX,Micro-ATX,0
AM4,AM4,DDR4,DDR4,132,401,450,326,Mini-ITX,ATX,0
LGA1700,LGA1700,DDR5,DDR4,115,424,750,274,Micro-ATX,ATX,0
LGA1700,LGA1700,DDR4,DDR4,137,121,850,182,ATX,Mini-ITX,1
AM4,AM4,DDR4,DDR4,168,354,650,188,Mini-ITX,Micro-ATX,0
AM4,AM4,DDR5,DDR4,82,436,450,206,Mini-ITX,ATX,0
LGA1200,LGA1200,DDR5,DDR4,131,127,750,187,ATX,Mini-ITX,0
AM5,AM5,DDR5,DDR5,76,219,1000,183,ATX,Micro-ATX,1
LGA1200,LGA1200,DDR4,DDR4,94,309,650,222,ATX,Micro-ATX,1
LGA1200,LGA1700,DDR4,DDR4,144,443,850,205,ATX,Mini-ITX,0
LGA1200,LGA1700,DDR4,DDR4,95,180,550,301,ATX,Micro-ATX,0
AM4,LGA1200,DDR4,DDR4,91,229,550,270,Micro-ATX,Mini-ITX,0
LGA1700,LGA1700,DDR5,DDR5,70,154,450,323,Micro-ATX,Micro-ATX,0
LGA1700,AM5,DDR5,DDR5,104,419,650,202,ATX,Mini-ITX,0
LGA1700,LGA1700,DDR4,DDR4,78,344,1000,197,ATX,Mini-ITX,1
AM4,AM4,DDR4,DDR4,143,264,1000,286,Mini-ITX,ATX,0
AM5,AM5,DDR5,DDR5,168,434,450,314,Micro-ATX,Mini-ITX,0
LGA1200,LGA1200,DDR4,DDR4,113,294,1000,274,ATX,Mini-ITX,1
LGA1700,AM4,DDR4,DDR4,119,384,750,255,ATX,ATX,0
LGA1700,LGA1200,DDR4,DDR4,119,176,550,286,Micro-ATX,Mini-ITX,0
AM4,AM5,DDR5,DDR5,166,339,650,248,Micro-ATX,ATX,0
AM4,AM4,DDR5,DDR4,150,113,1000,228,ATX,Mini-ITX,0
AM5,AM5,DDR5,DDR5,134,449,550,340,Mini-ITX,Mini-ITX,0
AM4,AM4,DDR4,DDR4,150,335,1000,348,ATX,Mini-ITX,1
AM4,AM4,DDR4,DDR4,104,378,1000,299,ATX,Micro-ATX,1
LGA1700,LGA1700,DDR4,DDR4,169,193,750,180,Mini-ITX,Micro-ATX,0
LGA1200,LGA1200,DDR4,DDR4,131,130,650,189,ATX,Mini-ITX,1
LGA1700,LGA1700,DDR4,DDR4,76,349,750,206,Micro-ATX,Mini-ITX,1
AM5,AM5,DDR5,DDR5,140,378,650,308,Micro-ATX,Micro-ATX,1
LGA1700,LGA1200,DDR4,DDR4,155,359,850,254,ATX,ATX,0
LGA1200,LGA1200,DDR4,DDR4,83,280,850,238,Mini-ITX,Mini-ITX,1
AM5,AM5,DDR5,DDR5,76,150,750,359,ATX,Mini-ITX,1
AM5,AM5,DDR5,DDR5,124,266,550,347,Micro-ATX,ATX,0
LGA1200,AM5,DDR5,DDR5,72,279,450,234,ATX,Micro-ATX,0
LGA1200,AM5,DDR4,DDR5,149,348,650,319,Mini-ITX,Mini-ITX,0
LGA1700,LGA1700,DDR5,DDR5,86,328,550,188,Mini-ITX,Mini-ITX,1
AM4,AM4,DDR4,DDR4,97,226,550,258,ATX,ATX,1
LGA1700,LGA1700,DDR4,DDR4,107,246,1000,246,Mini-ITX,Micro-ATX,0
AM4,AM5,DDR5,DDR5,153,357,750,288,ATX,Mini-ITX,0
LGA1700,LGA1700,DDR5,DDR5,97,153,550,218,Micro-ATX,Micro-ATX,1
AM4,AM4,DDR5,DDR4,98,338,450,210,ATX,ATX,0
AM5,LGA1700,DDR4,DDR5,169,347,550,215,Mini-ITX,Mini-ITX,0
AM5,AM5,DDR5,DDR5,159,203,550,301,Micro-ATX,Micro-ATX,1
LGA1700,LGA1700,DDR4,DDR4,107,352,850,280,ATX,ATX,1
AM4,AM5,DDR5,DDR5,86,78,450,264,Micro-ATX,Micro-ATX,0
LGA1200,LGA1200,DDR4,DDR4,133,294,1000,265,Micro-ATX,Mini-ITX,1
AM5,AM5,DDR5,DDR5,108,424,450,355,Mini-ITX,ATX,0
AM4,AM4,DDR4,DDR4,159,313,850,216,Micro-ATX,ATX,0
LGA1700,LGA1700,DDR4,DDR5,74,151,850,181,ATX,Mini-ITX,0
AM4,AM4,DDR4,DDR4,110,360,450,203,ATX,Mini-ITX,0
AM5,AM5,DDR5,DDR5,74,404,1000,344,Mini-ITX,ATX,0
AM5,LGA1200,DDR4,DDR4,139,375,550,312,ATX,Mini-ITX,0
LGA1200,LGA1200,DDR4,DDR4,140,118,550,357,Micro-ATX,Mini-ITX,0
LGA1200,LGA1200,DDR4,DDR4,162,442,850,198,Mini-ITX,ATX,0
LGA1200,LGA1700,DDR5,DDR5,118,176,450,231,Micro-ATX,Micro-ATX,0
AM5,AM5,DDR5,DDR5,67,198,850,212,Mini-ITX,ATX,0
LGA1700,LGA1700,DDR5,DDR5,80,172,650,339,ATX,ATX,1
LGA1700,LGA1700,DDR5,DDR5,94,255,650,258,ATX,Mini-ITX,1
AM4,AM4,DDR4,DDR4,105,275,550,203,Mini-ITX,Micro-ATX,0
LGA1700,LGA1700,DDR5,DDR5,89,308,1000,338,Micro-ATX,Mini-ITX,0
AM4,AM4,DDR4,DDR4,69,275,850,199,ATX,Micro-ATX,1
LGA1200,LGA1200,DDR4,DDR4,138,178,550,264,ATX,Micro-ATX,1
LGA1200,LGA1200,DDR4,DDR4,143,306,850,328,Mini-ITX,ATX,0
LGA1200,AM4,DDR4,DDR4,89,257,1000,347,ATX,Mini-ITX,0
LGA1200,LGA1200,DDR4,DDR4,80,221,850,196,Micro-ATX,Mini-ITX,1
LGA1200,LGA1200,DDR4,DDR4,132,286,850,185,ATX,Micro-ATX,1
LGA1700,LGA1700,DDR5,DDR5,149,254,450,218,Mini-ITX,Micro-ATX,0
LGA1200,LGA1200,DDR4,DDR4,68,183,450,290,ATX,ATX,1
LGA1700,AM5,DDR5,DDR5,166,351,450,352,Micro-ATX,ATX,0
LGA1700,LGA1700,DDR4,DDR4,70,117,550,320,Micro-ATX,ATX,0
LGA1700,LGA1700,DDR5,DDR5,164,193,850,184,Micro-ATX,Mini-ITX,1
AM4,AM4,DDR4,DDR4,162,205,750,310,ATX,Micro-ATX,1
AM4,AM4,DDR4,DDR4,134,199,1000,230,Mini-ITX,Mini-ITX,1
AM5,AM5,DDR5,DDR5,117,196,1000,356,ATX,Mini-ITX,1
AM4,AM4,DDR4,DDR4,151,375,750,253,Micro-ATX,Micro-ATX,1
AM5,AM5,DDR5,DDR5,95,340,550,199,ATX,Mini-ITX,1
LGA1200,LGA1200,DDR4,DDR4,98,420,850,312,Micro-ATX,Micro-ATX,1
LGA1200,LGA1200,DDR5,DDR4,103,168,1000,352,Micro-ATX,ATX,0
LGA1200,LGA1200,DDR4,DDR4,130,301,650,216,Mini-ITX,Micro-ATX,0
AM4,AM5,DDR5,DDR5,96,304,750,318,Micro-ATX,Mini-ITX,0
LGA1700,AM4,DDR4,DDR4,129,273,750,280,Micro-ATX,Mini-ITX,0
AM4,AM4,DDR4,DDR4,131,422,550,184,ATX,Micro-ATX,0
AM5,AM5,DDR5,DDR5,91,228,850,353,Mini-ITX,ATX,0
LGA1200,LGA1200,DDR4,DDR4,114,173,550,345,ATX,Mini-ITX,1
AM5,AM5,DDR5,DDR5,76,335,1000,188,ATX,Mini-ITX,1
LGA1700,LGA1700,DDR5,DDR5,132,76,550,216,Mini-ITX,Mini-ITX,1
AM4,AM5,DDR5,DDR5,87,311,650,198,Micro-ATX,Mini-ITX,0
AM5,AM5,DDR5,DDR5,97,215,1000,328,Mini-ITX,Micro-ATX,0
AM5,AM5,DDR5,DDR5,117,336,1000,300,Micro-ATX,Mini-ITX,1
LGA1200,AM5,DDR5,DDR5,109,350,850,180,Mini-ITX,ATX,0
AM4,AM4,DDR4,DDR4,80,360,550,308,Mini-ITX,ATX,0
LGA1700,LGA1700,DDR5,DDR5,164,384,550,292,Micro-ATX,ATX,0
LGA1700,LGA1700,DDR4,DDR5,120,278,450,208,Micro-ATX,Micro-ATX,0
AM5,AM5,DDR5,DDR5,79,252,450,301,ATX,Mini-ITX,1
LGA1200,LGA1700,DDR4,DDR4,138,110,850,325,ATX,Mini-ITX,0
LGA1700,LGA1700,DDR5,DDR5,146,168,450,269,Mini-ITX,ATX,0
LGA1200,LGA1200,DDR4,DDR4,135,262,750,312,Mini-ITX,Mini-ITX,0
LGA1700,LGA1700,DDR5,DDR5,154,238,750,224,Micro-ATX,ATX,0
AM4,LGA1200,DDR4,DDR4,107,237,550,299,Mini-ITX,Mini-ITX,0
LGA1200,LGA1200,DDR4,DDR4,75,130,750,308,ATX,Micro-ATX,1
AM4,AM4,DDR4,DDR4,84,202,1000,189,Mini-ITX,Mini-ITX,1
AM4,AM4,DDR4,DDR4,79,320,550,238,ATX,ATX,1
AM4,AM4,DDR4,DDR4,70,390,750,202,ATX,Mini-ITX,1
LGA1700,LGA1700,DDR4,DDR4,103,169,650,288,ATX,Micro-ATX,1
AM5,LGA1700,DDR4,DDR5,71,151,450,192,Mini-ITX,ATX,0
AM5,AM5,DDR5,DDR5,73,341,750,254,Mini-ITX,Mini-ITX,0
AM4,LGA1200,DDR4,DDR4,155,384,750,212,Micro-ATX,Mini-ITX,0
AM4,AM4,DDR4,DDR4,169,252,450,245,Mini-ITX,ATX,0
LGA1200,AM5,DDR5,DDR5,164,88,1000,306,ATX,Micro-ATX,0
AM4,AM4,DDR4,DDR4,66,237,1000,323,ATX,ATX,1
LGA1200,LGA1200,DDR5,DDR4,79,150,650,312,Mini-ITX,Micro-ATX,0
AM5,AM5,DDR5,DDR5,105,354,650,271,ATX,Micro-ATX,1
AM4,AM5,DDR5,DDR5,87,141,650,353,Micro-ATX,ATX,0
LGA1700,LGA1700,DDR4,DDR4,126,242,650,353,ATX,Mini-ITX,1
LGA1700,LGA1700,DDR4,DDR4,154,361,750,205,Micro-ATX,ATX,0
LGA1200,LGA1200,DDR4,DDR4,85,409,750,288,ATX,Micro-ATX,1
AM5,AM5,DDR4,DDR5,142,179,550,181,Micro-ATX,ATX,0
AM4,AM4,DDR4,DDR4,167,300,1000,194,Micro-ATX,ATX,0
LGA1200,LGA1700,DDR5,DDR4,166,203,550,297,ATX,ATX,0
LGA1200,LGA1200,DDR4,DDR4,79,158,550,331,Micro-ATX,Mini-ITX,0
AM4,AM4,DDR5,DDR4,149,266,550,291,Micro-ATX,Mini-ITX,0
LGA1200,LGA1200,DDR4,DDR4,116,434,650,303,Mini-ITX,ATX,0
AM4,LGA1700,DDR4,DDR4,122,335,550,218,ATX,Mini-ITX,0
LGA1700,LGA1700,DDR5,DDR5,106,104,450,320,Micro-ATX,ATX,0
AM5,LGA1200,DDR4,DDR4,124,331,1000,263,ATX,Micro-ATX,0
AM5,AM4,DDR4,DDR4,123,406,850,261,ATX,Micro-ATX,0
LGA1700,LGA1200,DDR4,DDR4,98,226,550,263,Mini-ITX,Micro-ATX,0
AM5,AM5,DDR5,DDR5,164,202,850,269,Micro-ATX,Micro-ATX,1
LGA1200,LGA1200,DDR4,DDR4,111,310,450,271,Micro-ATX,Mini-ITX,0
LGA1700,LGA1700,DDR4,DDR4,84,222,750,284,Mini-ITX,ATX,0
LGA1700,LGA1700,DDR5,DDR5,109,377,550,337,Mini-ITX,ATX,0
AM5,AM5,DDR5,DDR5,84,100,650,237,Micro-ATX,ATX,0
AM5,AM5,DDR5,DDR5,136,259,850,219,Micro-ATX,Micro-ATX,1
LGA1700,AM4,DDR4,DDR4,151,402,650,188,Micro-ATX,ATX,0
LGA1700,LGA1700,DDR4,DDR4,88,427,550,245,Mini-ITX,ATX,0
AM4,AM4,DDR5,DDR4,130,234,750,312,Micro-ATX,ATX,0
AM5,AM5,DDR5,DDR5,77,154,850,320,Mini-ITX,Mini-ITX,0
LGA1700,LGA1700,DDR5,DDR5,128,387,1000,284,ATX,Micro-ATX,1
AM5,AM5,DDR5,DDR5,89,302,750,340,ATX,Micro-ATX,1
AM5,AM4,DDR5,DDR4,87,162,450,259,ATX,Micro-ATX,0
AM4,AM4,DDR4,DDR4,107,194,750,339,ATX,ATX,1
LGA1700,LGA1700,DDR4,DDR4,111,259,750,309,ATX,ATX,1
AM4,AM5,DDR5,DDR5,167,356,850,245,ATX,Mini-ITX,0
LGA1700,LGA1700,DDR4,DDR4,147,251,450,294,Micro-ATX,ATX,0
LGA1700,AM4,DDR4,DDR4,82,347,550,295,Micro-ATX,ATX,0
LGA1200,LGA1700,DDR5,DDR5,150,98,750,321,Mini-ITX,Mini-ITX,0
LGA1700,LGA1700,DDR4,DDR4,85,263,850,206,Mini-ITX,Mini-ITX,1
LGA1200,LGA1200,DDR4,DDR4,83,113,750,197,ATX,ATX,1
LGA1700,LGA1700,DDR5,DDR5,127,237,750,238,Mini-ITX,Micro-ATX,0
AM5,AM5,DDR5,DDR5,65,256,850,277,Mini-ITX,Micro-ATX,0
LGA1200,LGA1200,DDR4,DDR4,111,225,850,353,ATX,ATX,1
LGA1200,AM4,DDR4,DDR4,80,141,850,212,Micro-ATX,Mini-ITX,0
AM5,AM5,DDR5,DDR5,84,312,850,330,ATX,ATX,1
LGA1700,LGA1700,DDR5,DDR4,103,357,450,311,Mini-ITX,ATX,0
AM4,AM4,DDR4,DDR4,169,382,750,223,Micro-ATX,ATX,0
LGA1700,LGA1700,DDR4,DDR4,146,422,850,269,ATX,Mini-ITX,1
LGA1200,LGA1200,DDR4,DDR4,72,312,850,317,ATX,Micro-ATX,1
AM5,AM5,DDR4,DDR5,108,160,850,268,Micro-ATX,ATX,0
AM5,AM5,DDR5,DDR5,162,273,550,203,ATX,ATX,1
LGA1700,AM4,DDR4,DDR4,100,94,750,202,ATX,Mini-ITX,0
LGA1200,LGA1200,DDR4,DDR4,144,162,650,291,Mini-ITX,ATX,0
AM4,AM4,DDR5,DDR4,146,230,750,210,Micro-ATX,ATX,0
LGA1200,LGA1200,DDR5,DDR4,110,448,850,332,Mini-ITX,ATX,0
LGA1700,LGA1700,DDR4,DDR4,82,308,850,227,Micro-ATX,Mini-ITX,1
LGA1200,LGA1200,DDR4,DDR4,135,441,650,337,Micro-ATX,ATX,0
LGA1700,LGA1700,DDR4,DDR5,144,311,750,309,ATX,ATX,0
AM4,AM4,DDR4,DDR4,138,398,1000,180,Mini-ITX,ATX,0
LGA1700,LGA1700,DDR5,DDR5,89,105,550,294,Mini-ITX,Micro-ATX,0
AM5,AM5,DDR5,DDR5,155,208,850,289,Mini-ITX,Mini-ITX,0
AM5,LGA1700,DDR4,DDR5,109,170,450,290,ATX,ATX,0
LGA1200,AM4,DDR4,DDR4,112,371,450,340,Micro-ATX,Micro-ATX,0
LGA1200,LGA1200,DDR4,DDR4,153,278,550,340,Micro-ATX,Mini-ITX,0
AM5,AM5,DDR4,DDR5,65,423,750,286,ATX,ATX,0
LGA1700,LGA1700,DDR5,DDR5,137,439,650,221,Mini-ITX,Mini-ITX,0
AM5,AM5,DDR5,DDR5,109,320,750,246,Mini-ITX,Micro-ATX,0
LGA1700,LGA1700,DDR5,DDR5,162,211,550,278,Mini-ITX,Micro-ATX,0
AM4,AM4,DDR4,DDR4,87,309,750,271,Micro-ATX,Mini-ITX,1
LGA1200,AM5,DDR5,DDR5,120,119,450,213,ATX,ATX,0
LGA1200,AM5,DDR4,DDR5,143,448,450,336,Mini-ITX,Mini-ITX,0
AM5,LGA1700,DDR5,DDR5,159,268,1000,346,Micro-ATX,ATX,0
LGA1200,LGA1700,DDR4,DDR4,102,242,650,207,Mini-ITX,Micro-ATX,0
AM5,AM5,DDR5,DDR5,154,445,850,340,Mini-ITX,Micro-ATX,0
LGA1200,LGA1200,DDR5,DDR4,146,135,550,220,ATX,Mini-ITX,0
AM5,AM5,DDR4,DDR5,91,311,650,241,Mini-ITX,Micro-ATX,0
AM4,AM4,DDR4,DDR4,107,109,750,208,Mini-ITX,ATX,0
AM5,AM5,DDR5,DDR5,121,133,550,248,Micro-ATX,ATX,0
LGA1200,LGA1200,DDR4,DDR4,133,327,750,295,Mini-ITX,Micro-ATX,0
LGA1700,AM5,DDR5,DDR5,136,113,550,223,ATX,Micro-ATX,0
AM5,AM5,DDR5,DDR5,167,338,850,304,Mini-ITX,ATX,0
AM4,AM4,DDR4,DDR4,118,333,750,277,ATX,ATX,1
AM5,AM4,DDR4,DDR4,121,162,450,216,ATX,ATX,0
AM5,LGA1700,DDR4,DDR4,87,446,750,266,Micro-ATX,ATX,0
AM5,AM5,DDR5,DDR5,98,106,750,322,ATX,ATX,1
AM5,LGA1200,DDR4,DDR4,156,446,850,351,ATX,Micro-ATX,0
AM4,AM4,DDR4,DDR4,145,188,450,313,ATX,Mini-ITX,1
AM5,AM5,DDR5,DDR5,78,352,650,357,Micro-ATX,Mini-ITX,0
AM5,AM5,DDR4,DDR5,169,343,650,326,ATX,Mini-ITX,0
AM4,LGA1700,DDR5,DDR5,80,217,650,185,ATX,ATX,0
LGA1200,AM5,DDR4,DDR5,107,436,550,349,Micro-ATX,ATX,0
LGA1200,LGA1200,DDR4,DDR4,119,210,450,279,ATX,Micro-ATX,1
AM4,LGA1200,DDR4,DDR4,118,159,450,250,Micro-ATX,ATX,0
AM4,AM4,DDR4,DDR4,107,437,1000,346,ATX,Micro-ATX,1
LGA1200,LGA1200,DDR4,DDR4,167,112,850,182,Mini-ITX,Micro-ATX,0
AM4,LGA1200,DDR4,DDR4,88,86,450,208,Micro-ATX,Mini-ITX,0
LGA1700,LGA1700,DDR4,DDR4,156,176,850,227,ATX,Micro-ATX,1
AM5,AM5,DDR5,DDR5,153,367,850,205,Micro-ATX,Mini-ITX,1
AM4,AM5,DDR5,DDR5,149,210,1000,182,ATX,Mini-ITX,0
LGA1200,LGA1200,DDR4,DDR4,135,355,650,295,Micro-ATX,Mini-ITX,1
AM5,AM5,DDR5,DDR5,133,404,450,267,Micro-ATX,Mini-ITX,0
AM4,AM4,DDR4,DDR4,132,142,1000,321,ATX,Mini-ITX,1
AM4,LGA1700,DDR4,DDR4,95,342,550,209,Micro-ATX,Mini-ITX,0
AM4,AM4,DDR4,DDR4,96,170,750,353,ATX,ATX,1
LGA1700,LGA1700,DDR5,DDR5,144,245,650,227,Micro-ATX,Micro-ATX,1
LGA1700,LGA1700,DDR5,DDR5,110,174,850,218,ATX,ATX,1
LGA1200,LGA1200,DDR4,DDR4,161,164,650,232,ATX,ATX,1
AM5,AM5,DDR5,DDR5,140,400,450,253,ATX,Micro-ATX,0
LGA1200,LGA1200,DDR4,DDR4,113,229,650,242,Mini-ITX,Mini-ITX,0
AM4,AM5,DDR5,DDR5,115,164,1000,199,Micro-ATX,Micro-ATX,0
LGA1200,AM5,DDR5,DDR5,93,80,850,197,ATX,Mini-ITX,0
LGA1700,LGA1700,DDR4,DDR4,86,210,850,320,Mini-ITX,ATX,0
LGA1700,LGA1700,DDR5,DDR5,108,439,550,212,ATX,ATX,0
LGA1700,LGA1700,DDR5,DDR5,69,242,450,208,Mini-ITX,Mini-ITX,1
AM5,AM5,DDR5,DDR5,127,204,850,289,Micro-ATX,Micro-ATX,1
AM5,AM5,DDR5,DDR5,91,283,750,230,ATX,ATX,1
AM4,AM4,DDR4,DDR4,91,440,650,226,Micro-ATX,Micro-ATX,1
AM4,AM4,DDR4,DDR4,104,257,450,246,ATX,Mini-ITX,1
LGA1200,LGA1200,DDR4,DDR4,85,329,550,323,Micro-ATX,ATX,0
LGA1700,LGA1700,DDR4,DDR4,99,248,850,210,Micro-ATX,Micro-ATX,1
AM5,AM5,DDR5,DDR5,108,82,1000,223,Mini-ITX,ATX,0
AM5,AM5,DDR5,DDR5,77,377,450,256,Micro-ATX,Micro-ATX,0
AM4,AM4,DDR4,DDR4,119,189,450,251,Micro-ATX,ATX,0
LGA1700,LGA1700,DDR4,DDR4,166,382,450,240,Micro-ATX,Micro-ATX,0
LGA1700,LGA1700,DDR5,DDR5,132,127,450,194,ATX,ATX,1
AM4,AM4,DDR4,DDR4,128,305,1000,237,ATX,Micro-ATX,1
LGA1200,AM4,DDR4,DDR4,75,83,550,228,Mini-ITX,Mini-ITX,0
AM5,AM5,DDR5,DDR5,115,214,1000,298,Micro-ATX,Mini-ITX,1
LGA1700,LGA1700,DDR4,DDR4,75,388,550,277,Mini-ITX,Mini-ITX,0
AM5,AM5,DDR5,DDR5,93,308,850,324,Micro-ATX,Micro-ATX,0
LGA1700,LGA1700,DDR5,DDR5,85,262,550,227,Micro-ATX,Mini-ITX,1
AM5,AM5,DDR5,DDR5,94,86,550,303,Micro-ATX,Micro-ATX,1
AM4,AM4,DDR5,DDR4,129,426,650,273,Micro-ATX,Micro-ATX,0
LGA1200,LGA1200,DDR4,DDR4,131,284,750,335,Mini-ITX,Mini-ITX,0
LGA1700,LGA1700,DDR5,DDR5,160,329,450,189,Mini-ITX,ATX,0
AM4,AM4,DDR4,DDR4,121,385,450,190,ATX,Micro-ATX,0
LGA1200,LGA1200,DDR4,DDR4,72,150,450,273,Mini-ITX,Micro-ATX,0
LGA1700,LGA1200,DDR5,DDR4,166,355,650,235,Micro-ATX,Mini-ITX,0
LGA1200,LGA1200,DDR4,DDR4,119,246,550,193,Micro-ATX,Micro-ATX,1
LGA1200,LGA1200,DDR4,DDR4,98,107,750,334,Micro-ATX,Micro-ATX,0
LGA1700,AM5,DDR4,DDR5,118,168,750,258,ATX,Mini-ITX,0
LGA1200,LGA1200,DDR4,DDR4,88,117,750,294,ATX,Micro-ATX,1
LGA1700,LGA1700,DDR4,DDR4,101,78,1000,295,ATX,Mini-ITX,1
LGA1700,LGA1700,DDR4,DDR5,95,79,450,344,Micro-ATX,ATX,0
AM4,AM4,DDR4,DDR4,138,288,1000,228,Micro-ATX,ATX,0
AM5,LGA1700,DDR5,DDR5,147,324,450,299,Mini-ITX,Mini-ITX,0
AM5,AM5,DDR4,DDR5,107,290,650,271,ATX,Mini-ITX,0
LGA1700,LGA1700,DDR4,DDR4,139,87,1000,271,Micro-ATX,Micro-ATX,1
AM5,AM5,DDR5,DDR5,80,421,850,203,ATX,Micro-ATX,1
AM4,AM4,DDR4,DDR4,107,100,750,229,ATX,ATX,1
LGA1200,AM4,DDR4,DDR4,72,198,850,192,ATX,ATX,0
LGA1200,LGA1200,DDR4,DDR4,149,420,850,223,Mini-ITX,Mini-ITX,1
LGA1700,LGA1700,DDR4,DDR4,150,373,450,323,Mini-ITX,Micro-ATX,0
AM5,AM4,DDR4,DDR4,135,264,450,323,Mini-ITX,ATX,0
LGA1200,LGA1700,DDR5,DDR5,89,193,550,315,Micro-ATX,Micro-ATX,0
LGA1700,LGA1700,DDR5,DDR5,81,301,850,288,Mini-ITX,Micro-ATX,0
LGA1200,AM5,DDR5,DDR5,165,360,550,289,Micro-ATX,Micro-ATX,0
LGA1200,LGA1200,DDR4,DDR4,136,187,750,350,ATX,Micro-ATX,1
LGA1200,LGA1200,DDR4,DDR4,106,364,550,221,Mini-ITX,Mini-ITX,0
AM4,AM4,DDR4,DDR4,109,305,450,291,ATX,ATX,0
AM4,AM4,DDR4,DDR4,163,236,850,221,Micro-ATX,ATX,0
AM5,AM5,DDR5,DDR5,72,353,450,289,Micro-ATX,Micro-ATX,0
LGA1200,LGA1200,DDR4,DDR4,149,324,550,268,Micro-ATX,ATX,0
LGA1200,LGA1200,DDR5,DDR4,163,399,750,231,Mini-ITX,Micro-ATX,0
AM5,AM4,DDR4,DDR4,123,203,450,238,Micro-ATX,Mini-ITX,0
LGA1700,AM4,DDR4,DDR4,87,80,850,285,Mini-ITX,Micro-ATX,0
AM4,AM4,DDR4,DDR4,99,191,550,282,Mini-ITX,Mini-ITX,0
AM4,AM4,DDR4,DDR4,139,117,1000,302,Mini-ITX,Mini-ITX,0
LGA1200,AM4,DDR5,DDR4,102,142,850,193,Mini-ITX,Mini-ITX,0
LGA1700,LGA1700,DDR4,DDR4,84,200,850,340,Micro-ATX,ATX,0
AM4,AM4,DDR4,DDR4,99,387,550,221,Mini-ITX,Mini-ITX,0
LGA1700,LGA1700,DDR4,DDR4,72,163,750,204,Micro-ATX,Mini-ITX,1
AM4,AM4,DDR4,DDR4,144,210,450,270,Mini-ITX,ATX,0
LGA1200,LGA1200,DDR4,DDR4,156,404,1000,215,Micro-ATX,ATX,0
AM5,AM5,DDR5,DDR5,67,104,750,337,ATX,Micro-ATX,1
LGA1200,LGA1200,DDR5,DDR4,135,444,450,196,Micro-ATX,Mini-ITX,0
LGA1200,LGA1200,DDR4,DDR4,74,344,1000,270,ATX,ATX,1
LGA1200,LGA1200,DDR4,DDR4,94,352,650,271,Micro-ATX,Micro-ATX,1
LGA1200,LGA1200,DDR4,DDR4,132,212,1000,255,Micro-ATX,Micro-ATX,1
AM4,LGA1700,DDR4,DDR4,93,325,650,201,Micro-ATX,Mini-ITX,0
AM4,LGA1700,DDR5,DDR5,117,243,450,187,Mini-ITX,Micro-ATX,0
LGA1700,LGA1700,DDR4,DDR4,117,140,550,225,ATX,ATX,1
LGA1200,AM5,DDR5,DDR5,95,110,550,306,Micro-ATX,Mini-ITX,0
LGA1200,LGA1200,DDR4,DDR4,88,93,1000,195,ATX,ATX,1
LGA1200,LGA1200,DDR4,DDR4,161,239,550,224,Mini-ITX,ATX,0
AM5,AM5,DDR5,DDR5,68,370,650,227,Mini-ITX,Mini-ITX,1
AM5,AM4,DDR4,DDR4,107,193,450,228,Micro-ATX,Mini-ITX,0
AM5,AM5,DDR5,DDR5,161,420,450,181,Micro-ATX,ATX,0
AM5,AM5,DDR5,DDR5,88,159,450,274,Micro-ATX,ATX,0
AM5,AM5,DDR5,DDR5,142,81,750,253,ATX,ATX,1
LGA1200,LGA1200,DDR4,DDR4,114,404,650,222,ATX,Mini-ITX,1
LGA1700,LGA1700,DDR4,DDR4,109,431,550,233,ATX,Micro-ATX,0
AM5,AM5,DDR5,DDR5,83,338,450,331,ATX,Mini-ITX,0
AM4,AM4,DDR4,DDR4,68,442,750,334,ATX,Micro-ATX,1
LGA1700,LGA1700,DDR4,DDR5,94,346,1000,334,ATX,Mini-ITX,0
AM5,LGA1200,DDR4,DDR4,103,277,450,220,ATX,Mini-ITX,0
AM5,AM5,DDR5,DDR5,160,380,550,182,Mini-ITX,Mini-ITX,0
LGA1200,LGA1700,DDR5,DDR5,68,110,750,282,Micro-ATX,Mini-ITX,0
LGA1200,LGA1200,DDR4,DDR4,140,342,850,198,ATX,Micro-ATX,1
LGA1700,AM4,DDR4,DDR4,120,332,750,327,Micro-ATX,Mini-ITX,0
AM5,AM5,DDR5,DDR5,151,404,750,322,Micro-ATX,Mini-ITX,0
AM5,AM5,DDR5,DDR5,120,86,450,181,Micro-ATX,Micro-ATX,1
AM4,AM4,DDR4,DDR4,160,232,1000,255,ATX,ATX,1
AM4,AM4,DDR4,DDR4,66,411,550,351,ATX,ATX,0
AM4,AM4,DDR4,DDR4,96,265,850,313,Mini-ITX,ATX,0
AM5,AM5,DDR5,DDR5,90,273,850,228,Mini-ITX,ATX,0
AM4,LGA1200,DDR5,DDR4,87,122,550,205,Micro-ATX,Mini-ITX,0
AM4,AM4,DDR4,DDR4,76,229,450,306,Mini-ITX,Mini-ITX,0
LGA1700,LGA1700,DDR4,DDR4,122,156,450,182,Micro-ATX,Mini-ITX,1
AM5,AM5,DDR5,DDR5,89,220,1000,285,Mini-ITX,Micro-ATX,0
LGA1200,LGA1200,DDR4,DDR4,140,169,850,259,Mini-ITX,Micro-ATX,0
AM4,AM4,DDR4,DDR4,77,120,1000,247,Micro-ATX,ATX,0
LGA1700,LGA1200,DDR4,DDR4,168,204,850,314,ATX,Mini-ITX,0
AM5,AM4,DDR4,DDR4,141,93,1000,219,Micro-ATX,ATX,0
AM4,AM4,DDR4,DDR4,120,318,1000,189,Mini-ITX,ATX,0
LGA1200,LGA1200,DDR4,DDR4,141,330,850,183,Mini-ITX,Micro-ATX,0
AM4,AM4,DDR5,DDR4,136,147,850,214,Micro-ATX,ATX,0
LGA1700,LGA1700,DDR4,DDR5,103,152,1000,194,Micro-ATX,ATX,0
LGA1700,AM4,DDR4,DDR4,146,436,450,245,Mini-ITX,ATX,0
AM5,AM5,DDR5,DDR5,105,197,550,252,Micro-ATX,ATX,0
AM5,LGA1200,DDR4,DDR4,136,134,750,252,Mini-ITX,ATX,0
LGA1200,LGA1200,DDR5,DDR4,68,394,850,192,Mini-ITX,ATX,0
AM5,AM5,DDR5,DDR5,115,203,750,207,ATX,ATX,1
AM4,AM4,DDR4,DDR4,145,116,1000,348,Mini-ITX,Mini-ITX,0
LGA1700,LGA1700,DDR4,DDR4,82,348,450,260,ATX,ATX,0
AM4,AM4,DDR4,DDR4,137,131,750,336,Mini-ITX,ATX,0
AM4,AM4,DDR4,DDR4,139,243,450,197,ATX,ATX,0
LGA1200,LGA1200,DDR4,DDR4,150,203,1000,271,Mini-ITX,ATX,0
LGA1200,LGA1200,DDR4,DDR4,122,363,850,356,Micro-ATX,Mini-ITX,0
LGA1200,LGA1200,DDR4,DDR4,75,320,650,291,ATX,ATX,1
LGA1700,LGA1200,DDR4,DDR4,75,284,750,318,Micro-ATX,Mini-ITX,0
LGA1200,LGA1200,DDR4,DDR4,126,411,450,206,Mini-ITX,Micro-ATX,0
LGA1700,LGA1700,DDR5,DDR5,84,290,750,314,ATX,ATX,1
AM4,AM4,DDR4,DDR4,113,213,750,287,Micro-ATX,Micro-ATX,1
LGA1200,LGA1200,DDR4,DDR4,152,149,550,182,Micro-ATX,Mini-ITX,1
AM5,LGA1700,DDR5,DDR5,68,445,1000,297,Micro-ATX,ATX,0
AM5,AM5,DDR4,DDR5,154,285,650,234,Micro-ATX,Mini-ITX,0
AM4,AM4,DDR4,DDR4,110,291,450,231,ATX,ATX,0
LGA1200,LGA1200,DDR4,DDR4,125,380,750,186,Mini-ITX,Micro-ATX,0
AM4,AM4,DDR4,DDR4,74,199,850,240,Mini-ITX,ATX,0
AM5,AM5,DDR5,DDR5,160,447,550,247,Micro-ATX,Mini-ITX,0
AM5,LGA1700,DDR5,DDR5,158,440,650,307,Mini-ITX,ATX,0
LGA1200,LGA1200,DDR4,DDR4,81,302,650,265,Mini-ITX,Mini-ITX,0
AM4,AM4,DDR4,DDR4,111,154,550,311,ATX,ATX,1
AM4,AM4,DDR4,DDR4,153,255,750,230,ATX,Mini-ITX,1
AM5,LGA1700,DDR5,DDR5,117,342,450,212,ATX,Micro-ATX,0
LGA1700,LGA1700,DDR4,DDR4,146,177,450,189,ATX,Micro-ATX,1
AM5,AM5,DDR5,DDR5,130,328,450,259,Micro-ATX,Mini-ITX,0
LGA1700,AM4,DDR4,DDR4,86,83,650,207,Micro-ATX,Micro-ATX,0
AM5,AM5,DDR5,DDR5,102,329,1000,233,ATX,Mini-ITX,1
LGA1200,LGA1200,DDR4,DDR4,95,173,1000,250,ATX,Mini-ITX,1
AM4,AM5,DDR5,DDR5,79,312,550,284,Mini-ITX,Mini-ITX,0
AM5,LGA1200,DDR4,DDR4,143,437,550,304,Mini-ITX,Micro-ATX,0
LGA1200,LGA1700,DDR4,DDR4,88,338,750,349,ATX,ATX,0
AM4,AM4,DDR5,DDR4,91,334,750,333,Mini-ITX,Micro-ATX,0
AM4,AM4,DDR4,DDR4,133,124,850,294,Mini-ITX,Mini-ITX,0
LGA1200,LGA1200,DDR5,DDR4,166,118,450,269,ATX,Micro-ATX,0
AM5,AM5,DDR5,DDR5,147,373,850,307,Micro-ATX,ATX,0
LGA1200,LGA1200,DDR5,DDR4,118,194,850,217,Mini-ITX,Mini-ITX,0
AM5,AM5,DDR4,DDR5,89,105,850,345,ATX,Mini-ITX,0
LGA1200,LGA1200,DDR4,DDR4,150,286,450,216,Micro-ATX,Micro-ATX,0
AM5,AM5,DDR5,DDR5,161,369,850,295,Micro-ATX,Micro-ATX,1
AM4,AM4,DDR4,DDR4,163,117,1000,271,Mini-ITX,ATX,0
AM5,AM5,DDR5,DDR5,83,352,1000,247,Micro-ATX,Mini-ITX,1
AM4,AM4,DDR4,DDR4,120,356,650,206,Mini-ITX,ATX,0
AM4,LGA1200,DDR4,DDR4,140,359,450,223,ATX,Mini-ITX,0
AM5,AM5,DDR4,DDR5,104,419,850,305,Mini-ITX,Mini-ITX,0
AM5,AM5,DDR5,DDR5,99,411,650,180,Micro-ATX,ATX,0
AM5,AM5,DDR5,DDR5,113,207,750,314,Micro-ATX,ATX,0
LGA1200,LGA1700,DDR5,DDR5,166,432,550,186,Micro-ATX,Mini-ITX,0
LGA1700,LGA1700,DDR4,DDR4,159,342,750,331,ATX,Mini-ITX,1
LGA1700,LGA1700,DDR5,DDR5,125,83,450,275,Mini-ITX,Mini-ITX,0
AM4,AM4,DDR4,DDR4,76,122,750,298,Micro-ATX,Micro-ATX,1
AM4,AM4,DDR4,DDR4,112,268,750,347,Micro-ATX,ATX,0
LGA1700,LGA1700,DDR5,DDR5,125,198,550,197,Micro-ATX,Mini-ITX,1
AM4,AM4,DDR4,DDR4,165,395,450,260,ATX,Micro-ATX,0
AM4,LGA1200,DDR4,DDR4,88,296,450,326,ATX,Micro-ATX,0
AM5,AM5,DDR5,DDR5,132,246,650,262,Mini-ITX,Mini-ITX,0
AM4,AM4,DDR4,DDR4,112,333,650,265,Mini-ITX,ATX,0
AM5,AM5,DDR4,DDR5,109,297,550,188,Micro-ATX,ATX,0
LGA1200,LGA1200,DDR4,DDR4,94,143,650,232,Mini-ITX,Micro-ATX,0
LGA1700,AM5,DDR5,DDR5,138,442,850,236,ATX,ATX,0
LGA1700,LGA1700,DDR4,DDR4,169,107,750,327,ATX,Mini-ITX,1
LGA1700,LGA1700,DDR5,DDR5,145,264,1000,208,Mini-ITX,Micro-ATX,0
LGA1700,LGA1700,DDR4,DDR4,115,292,450,246,ATX,Mini-ITX,0
AM5,AM4,DDR4,DDR4,87,156,450,359,ATX,Mini-ITX,0
LGA1200,LGA1700,DDR4,DDR4,125,133,650,322,Mini-ITX,Mini-ITX,0
AM4,LGA1200,DDR4,DDR4,92,270,550,251,Micro-ATX,Mini-ITX,0
LGA1700,LGA1700,DDR4,DDR5,70,264,850,312,Mini-ITX,Micro-ATX,0
AM4,AM4,DDR4,DDR4,117,149,550,359,ATX,ATX,1
AM5,AM5,DDR4,DDR5,89,292,850,332,Mini-ITX,Mini-ITX,0
AM4,AM4,DDR4,DDR4,129,444,1000,201,ATX,Micro-ATX,1
LGA1200,LGA1200,DDR4,DDR4,130,260,1000,260,Mini-ITX,ATX,0
LGA1700,LGA1700,DDR5,DDR5,115,436,1000,290,Micro-ATX,ATX,0
LGA1200,LGA1200,DDR4,DDR4,108,353,850,210,ATX,Mini-ITX,1
LGA1200,LGA1200,DDR4,DDR4,136,188,450,235,ATX,ATX,1
AM5,AM5,DDR5,DDR5,78,327,650,180,Mini-ITX,Micro-ATX,0
AM5,AM5,DDR4,DDR5,109,336,750,191,Mini-ITX,ATX,0
LGA1200,LGA1200,DDR4,DDR4,90,393,850,328,Mini-ITX,ATX,0
AM4,LGA1700,DDR5,DDR5,149,89,650,180,Micro-ATX,Micro-ATX,0
AM5,AM5,DDR5,DDR5,163,186,850,240,ATX,Mini-ITX,1
AM5,LGA1200,DDR5,DDR4,164,97,650,251,ATX,Mini-ITX,0
LGA1200,LGA1200,DDR4,DDR4,136,440,550,240,ATX,Mini-ITX,0
LGA1700,LGA1700,DDR4,DDR5,145,289,750,211,Micro-ATX,ATX,0
AM4,AM4,DDR4,DDR4,159,132,1000,240,Mini-ITX,Micro-ATX,0
AM5,AM5,DDR5,DDR5,78,106,550,223,Mini-ITX,ATX,0
LGA1200,AM5,DDR5,DDR5,70,389,550,291,Micro-ATX,Micro-ATX,0
LGA1200,LGA1200,DDR5,DDR4,139,105,550,182,ATX,Mini-ITX,0
LGA1200,LGA1200,DDR4,DDR4,105,113,850,354,Micro-ATX,ATX,0
AM5,AM5,DDR5,DDR5,166,239,650,212,Mini-ITX,Mini-ITX,1
AM5,AM5,DDR5,DDR5,96,397,750,305,ATX,Micro-ATX,1
AM4,AM4,DDR4,DDR4,163,105,750,359,ATX,Mini-ITX,1
LGA1700,AM5,DDR5,DDR5,163,324,750,205,Micro-ATX,Mini-ITX,0
LGA1200,AM5,DDR5,DDR5,150,190,850,353,Micro-ATX,Micro-ATX,0
AM5,AM4,DDR4,DDR4,122,404,750,344,ATX,ATX,0
LGA1700,LGA1700,DDR4,DDR4,162,386,850,220,Micro-ATX,Mini-ITX,1
AM4,AM4,DDR4,DDR4,155,201,1000,255,Micro-ATX,Mini-ITX,1
LGA1200,LGA1200,DDR4,DDR4,90,323,450,301,Mini-ITX,Mini-ITX,0
AM5,AM5,DDR4,DDR5,67,240,650,326,Mini-ITX,Micro-ATX,0
LGA1200,LGA1200,DDR4,DDR4,149,308,450,301,Micro-ATX,ATX,0
AM5,AM5,DDR5,DDR5,150,131,1000,338,Mini-ITX,Micro-ATX,0
LGA1200,LGA1200,DDR4,DDR4,103,290,1000,186,Micro-ATX,Mini-ITX,1
AM4,AM4,DDR4,DDR4,142,404,1000,261,Micro-ATX,Micro-ATX,1
LGA1700,LGA1700,DDR4,DDR4,73,149,450,219,Micro-ATX,Micro-ATX,1
AM4,AM4,DDR4,DDR4,112,80,1000,340,Micro-ATX,Mini-ITX,0
LGA1700,LGA1700,DDR5,DDR4,65,163,650,206,ATX,ATX,0
LGA1700,AM5,DDR4,DDR5,127,399,850,357,Mini-ITX,Mini-ITX,0
LGA1200,LGA1200,DDR5,DDR4,76,116,550,313,Micro-ATX,Micro-ATX,0
AM4,AM4,DDR4,DDR4,71,196,650,341,ATX,Micro-ATX,1
AM5,AM5,DDR5,DDR5,126,125,450,223,Mini-ITX,ATX,0
LGA1700,LGA1700,DDR5,DDR4,96,274,550,345,Micro-ATX,Mini-ITX,0
LGA1200,LGA1200,DDR4,DDR4,152,287,550,266,Mini-ITX,Micro-ATX,0
LGA1700,LGA1200,DDR4,DDR4,146,100,850,282,Micro-ATX,Mini-ITX,0
AM5,AM5,DDR5,DDR5,162,412,450,269,Mini-ITX,ATX,0
AM5,AM5,DDR5,DDR5,104,178,750,338,ATX,Micro-ATX,1
AM4,AM4,DDR4,DDR4,134,343,750,327,ATX,ATX,1
AM5,AM5,DDR5,DDR5,65,299,1000,232,ATX,Micro-ATX,1
LGA1200,LGA1700,DDR5,DDR5,90,137,650,317,ATX,Mini-ITX,0
LGA1700,LGA1700,DDR4,DDR4,103,187,550,257,Micro-ATX,ATX,0
AM4,AM4,DDR4,DDR4,136,326,550,337,Micro-ATX,ATX,0
AM4,AM4,DDR4,DDR4,110,419,550,314,Micro-ATX,ATX,0
LGA1200,LGA1200,DDR4,DDR4,154,339,750,207,ATX,Micro-ATX,1
AM5,AM5,DDR4,DDR5,163,255,1000,262,Micro-ATX,ATX,0
LGA1700,AM5,DDR5,DDR5,135,349,750,187,ATX,ATX,0
LGA1200,AM5,DDR5,DDR5,155,347,750,210,Mini-ITX,Micro-ATX,0
AM5,AM5,DDR5,DDR5,126,260,450,344,Mini-ITX,Micro-ATX,0
LGA1700,LGA1700,DDR5,DDR5,108,115,650,320,Micro-ATX,Mini-ITX,1
AM4,AM4,DDR4,DDR4,146,423,450,306,ATX,Micro-ATX,0
AM5,AM5,DDR5,DDR5,145,392,450,282,ATX,Micro-ATX,0
LGA1700,LGA1700,DDR5,DDR5,137,281,450,326,Micro-ATX,ATX,0
LGA1700,AM4,DDR4,DDR4,150,271,1000,208,Micro-ATX,Micro-ATX,0
AM4,AM4,DDR4,DDR4,96,121,750,226,Micro-ATX,Mini-ITX,1
AM5,LGA1200,DDR4,DDR4,167,245,850,324,Micro-ATX,ATX,0
AM5,AM5,DDR5,DDR5,105,373,750,243,ATX,Mini-ITX,1
AM4,LGA1700,DDR5,DDR5,127,192,650,352,Micro-ATX,Micro-ATX,0
AM4,AM4,DDR5,DDR4,159,202,550,230,Mini-ITX,Micro-ATX,0
LGA1200,LGA1200,DDR4,DDR4,149,282,550,191,Micro-ATX,Micro-ATX,1
LGA1700,LGA1700,DDR4,DDR4,113,86,1000,312,ATX,ATX,1
AM4,AM4,DDR4,DDR4,159,177,450,226,ATX,ATX,1
LGA1700,LGA1700,DDR5,DDR5,145,389,750,184,Mini-ITX,Mini-ITX,1
AM5,AM5,DDR5,DDR5,104,226,850,220,ATX,Micro-ATX,1
AM4,AM4,DDR4,DDR4,93,310,450,181,Micro-ATX,ATX,0
LGA1200,LGA1200,DDR4,DDR4,96,425,550,251,Mini-ITX,Micro-ATX,0
LGA1700,LGA1700,DDR5,DDR5,92,264,650,334,Micro-ATX,Mini-ITX,0
LGA1200,LGA1700,DDR4,DDR4,104,321,450,348,Mini-ITX,ATX,0
AM4,AM4,DDR4,DDR4,154,124,550,251,Micro-ATX,Mini-ITX,1
AM4,AM4,DDR4,DDR4,90,306,1000,302,Mini-ITX,ATX,0
LGA1200,LGA1200,DDR4,DDR4,138,308,450,187,Micro-ATX,Mini-ITX,0
AM5,LGA1200,DDR4,DDR4,131,106,850,324,ATX,Micro-ATX,0
AM5,AM5,DDR5,DDR5,164,114,1000,273,ATX,Micro-ATX,1
AM4,LGA1200,DDR4,DDR4,95,133,1000,239,ATX,ATX,0
AM5,LGA1700,DDR5,DDR5,131,368,550,260,Mini-ITX,Micro-ATX,0
LGA1200,AM5,DDR5,DDR5,114,353,550,221,ATX,Mini-ITX,0
LGA1200,AM4,DDR5,DDR4,145,208,850,332,ATX,Micro-ATX,0
AM5,LGA1700,DDR5,DDR5,83,222,750,332,Micro-ATX,ATX,0
AM5,AM4,DDR5,DDR4,159,414,550,234,ATX,ATX,0
LGA1700,LGA1700,DDR5,DDR5,116,402,1000,236,ATX,ATX,1
LGA1200,LGA1200,DDR4,DDR4,107,293,550,321,Micro-ATX,ATX,0
AM4,AM4,DDR4,DDR4,131,175,450,277,Micro-ATX,Mini-ITX,1
AM4,AM4,DDR4,DDR4,86,257,550,237,Micro-ATX,ATX,0
LGA1200,LGA1200,DDR4,DDR4,97,139,450,221,Micro-ATX,Micro-ATX,1
LGA1200,AM5,DDR5,DDR5,114,231,850,204,Mini-ITX,Mini-ITX,0
LGA1700,LGA1700,DDR5,DDR5,95,192,650,305,Mini-ITX,Micro-ATX,0
AM4,AM4,DDR4,DDR4,129,443,550,342,Mini-ITX,Micro-ATX,0
AM5,AM5,DDR5,DDR5,135,165,550,327,Micro-ATX,ATX,0
AM4,AM4,DDR5,DDR4,132,90,1000,348,Mini-ITX,ATX,0
AM4,LGA1200,DDR4,DDR4,83,88,550,291,Micro-ATX,Micro-ATX,0
AM5,AM5,DDR5,DDR5,129,448,550,273,ATX,ATX,0
AM4,AM4,DDR4,DDR4,110,236,450,187,Micro-ATX,Mini-ITX,1
AM5,AM5,DDR5,DDR5,137,266,650,201,ATX,Micro-ATX,1
LGA1700,LGA1700,DDR5,DDR5,71,288,1000,356,Mini-ITX,ATX,0
LGA1700,LGA1700,DDR4,DDR4,169,114,1000,274,ATX,Micro-ATX,1
AM4,AM4,DDR5,DDR4,137,88,550,186,Mini-ITX,Mini-ITX,0
LGA1200,LGA1200,DDR4,DDR4,142,325,650,180,Mini-ITX,Mini-ITX,1
LGA1200,AM4,DDR4,DDR4,160,159,850,268,ATX,Mini-ITX,0
AM5,LGA1200,DDR4,DDR4,98,83,650,355,ATX,Mini-ITX,0
LGA1700,LGA1700,DDR5,DDR5,119,351,650,258,Mini-ITX,Mini-ITX,0
LGA1700,LGA1700,DDR5,DDR5,110,241,450,351,Mini-ITX,ATX,0
AM4,AM5,DDR5,DDR5,150,385,1000,223,Mini-ITX,ATX,0
AM4,AM4,DDR4,DDR4,169,84,550,322,Micro-ATX,Micro-ATX,0
AM5,AM5,DDR5,DDR5,88,370,550,192,Micro-ATX,Micro-ATX,1
LGA1700,LGA1700,DDR5,DDR5,88,83,450,220,Mini-ITX,Micro-ATX,0
AM5,AM5,DDR5,DDR5,163,405,650,333,ATX,ATX,0
AM5,AM4,DDR4,DDR4,97,205,450,208,Mini-ITX,Mini-ITX,0
LGA1700,LGA1700,DDR4,DDR4,99,356,650,228,Mini-ITX,Mini-ITX,1
LGA1700,LGA1700,DDR4,DDR4,166,129,450,239,ATX,Mini-ITX,1
AM5,AM4,DDR4,DDR4,148,210,1000,289,Mini-ITX,Mini-ITX,0
LGA1200,LGA1200,DDR4,DDR4,80,147,550,341,Micro-ATX,ATX,0
LGA1200,LGA1200,DDR4,DDR4,68,301,1000,280,Mini-ITX,ATX,0
LGA1700,LGA1700,DDR5,DDR5,140,76,1000,183,Mini-ITX,Micro-ATX,0
LGA1700,LGA1700,DDR5,DDR5,139,243,650,187,Mini-ITX,ATX,0
AM5,AM5,DDR5,DDR5,169,309,450,351,Mini-ITX,ATX,0
AM4,AM4,DDR4,DDR4,139,99,650,309,Mini-ITX,Micro-ATX,0
AM4,AM4,DDR5,DDR4,103,284,850,354,Mini-ITX,ATX,0
AM5,AM5,DDR4,DDR5,116,355,650,267,ATX,ATX,0
AM4,AM4,DDR4,DDR4,154,183,1000,201,ATX,Micro-ATX,1
AM5,AM4,DDR4,DDR4,140,424,550,302,ATX,Micro-ATX,0
LGA1200,LGA1200,DDR4,DDR4,114,407,450,339,Mini-ITX,Mini-ITX,0
AM5,AM5,DDR5,DDR5,97,331,450,247,ATX,Micro-ATX,0
AM5,AM5,DDR5,DDR5,71,448,1000,266,Micro-ATX,Micro-ATX,1
LGA1200,LGA1200,DDR5,DDR4,164,97,550,205,Micro-ATX,Micro-ATX,0
AM4,AM4,DDR4,DDR4,158,330,750,329,ATX,ATX,1
LGA1200,LGA1200,DDR4,DDR4,143,322,450,331,Micro-ATX,Mini-ITX,0
AM5,AM5,DDR5,DDR5,152,288,550,327,Mini-ITX,ATX,0
LGA1200,LGA1200,DDR4,DDR4,142,324,450,346,Mini-ITX,ATX,0
AM5,AM5,DDR5,DDR5,153,372,850,209,Mini-ITX,Mini-ITX,1
AM4,AM5,DDR4,DDR5,103,213,650,189,ATX,Micro-ATX,0
AM4,AM4,DDR5,DDR4,109,88,650,211,Micro-ATX,Micro-ATX,0
AM5,AM5,DDR4,DDR5,73,322,450,255,Mini-ITX,Micro-ATX,0
LGA1200,LGA1200,DDR5,DDR4,89,188,650,313,Micro-ATX,ATX,0
LGA1200,LGA1700,DDR5,DDR5,159,203,850,346,ATX,Mini-ITX,0
AM5,AM5,DDR5,DDR5,74,202,850,303,Mini-ITX,Micro-ATX,0
AM4,AM4,DDR4,DDR4,126,302,650,190,ATX,Micro-ATX,1
LGA1700,AM5,DDR5,DDR5,96,101,1000,182,Mini-ITX,Micro-ATX,0
LGA1700,AM4,DDR4,DDR4,166,315,550,293,Micro-ATX,Mini-ITX,0
LGA1200,LGA1200,DDR4,DDR4,136,418,450,315,ATX,Micro-ATX,0
LGA1200,LGA1200,DDR5,DDR4,164,301,450,271,Mini-ITX,Mini-ITX,0
AM5,LGA1200,DDR5,DDR4,107,367,650,322,ATX,ATX,0
AM4,AM4,DDR4,DDR4,135,317,450,290,ATX,ATX,0
LGA1200,LGA1200,DDR5,DDR4,130,398,450,274,Mini-ITX,Mini-ITX,0
LGA1700,LGA1700,DDR4,DDR4,85,347,850,189,ATX,ATX,1
AM4,AM4,DDR4,DDR4,121,388,650,300,Mini-ITX,ATX,0
AM5,AM5,DDR5,DDR5,105,120,750,315,Micro-ATX,Micro-ATX,1
AM5,AM4,DDR4,DDR4,77,182,550,236,Mini-ITX,Mini-ITX,0
LGA1700,LGA1200,DDR4,DDR4,74,103,750,240,Micro-ATX,Mini-ITX,0
LGA1700,LGA1700,DDR5,DDR5,99,366,450,202,ATX,ATX,0
AM4,AM4,DDR4,DDR4,66,98,450,276,Mini-ITX,Mini-ITX,0
LGA1700,LGA1700,DDR4,DDR4,153,387,850,323,Mini-ITX,Mini-ITX,0
LGA1700,AM5,DDR5,DDR5,117,217,650,194,Mini-ITX,ATX,0
AM4,AM4,DDR4,DDR4,106,449,450,205,Micro-ATX,Mini-ITX,0
LGA1700,LGA1700,DDR4,DDR5,139,308,750,198,ATX,Mini-ITX,0
AM4,LGA1700,DDR4,DDR4,140,174,750,266,Micro-ATX,Micro-ATX,0
LGA1700,LGA1700,DDR5,DDR5,127,88,750,218,ATX,Mini-ITX,1
AM5,LGA1700,DDR5,DDR5,161,415,650,327,ATX,ATX,0
LGA1700,LGA1700,DDR4,DDR4,149,243,550,298,Micro-ATX,ATX,0
AM5,AM5,DDR5,DDR5,163,265,1000,207,Mini-ITX,Micro-ATX,0
LGA1700,LGA1700,DDR5,DDR4,158,345,550,230,Mini-ITX,Micro-ATX,0
LGA1200,LGA1200,DDR4,DDR4,90,129,450,247,Mini-ITX,Mini-ITX,0
AM5,AM5,DDR5,DDR5,71,99,1000,196,Mini-ITX,ATX,0
LGA1700,LGA1700,DDR5,DDR5,67,366,550,280,Mini-ITX,Mini-ITX,0
AM4,AM4,DDR4,DDR4,77,99,450,245,Mini-ITX,ATX,0
AM5,AM5,DDR5,DDR5,81,157,450,262,Micro-ATX,Mini-ITX,1
LGA1200,AM5,DDR4,DDR5,122,386,650,280,Micro-ATX,Micro-ATX,0
LGA1700,LGA1700,DDR4,DDR4,154,353,1000,225,Mini-ITX,Mini-ITX,1
AM4,AM4,DDR4,DDR4,125,277,450,328,Micro-ATX,ATX,0
LGA1700,LGA1700,DDR5,DDR5,169,153,1000,280,ATX,ATX,1
LGA1700,LGA1700,DDR4,DDR4,128,96,550,281,ATX,ATX,1
LGA1200,LGA1200,DDR4,DDR4,164,328,550,250,Mini-ITX,ATX,0
AM4,AM4,DDR4,DDR4,122,168,1000,305,ATX,Mini-ITX,1
AM4,AM4,DDR5,DDR4,123,302,1000,271,ATX,Mini-ITX,0
LGA1700,AM4,DDR4,DDR4,161,374,550,334,ATX,Micro-ATX,0
LGA1700,LGA1700,DDR5,DDR4,130,94,1000,302,Micro-ATX,ATX,0
LGA1700,AM4,DDR4,DDR4,145,242,450,204,Mini-ITX,Micro-ATX,0
LGA1200,LGA1200,DDR4,DDR4,145,151,650,254,Mini-ITX,ATX,0
AM4,AM4,DDR4,DDR4,92,380,750,265,Mini-ITX,ATX,0
LGA1700,LGA1700,DDR4,DDR4,154,416,550,317,ATX,Mini-ITX,0
LGA1700,LGA1200,DDR4,DDR4,121,342,750,254,Micro-ATX,ATX,0
LGA1700,LGA1700,DDR4,DDR4,154,94,750,312,ATX,Mini-ITX,1
LGA1200,AM5,DDR5,DDR5,143,425,1000,183,Micro-ATX,Micro-ATX,0
AM5,AM5,DDR5,DDR5,138,196,850,194,Mini-ITX,Micro-ATX,0
LGA1700,LGA1200,DDR5,DDR4,86,293,750,345,Micro-ATX,Micro-ATX,0
AM4,AM4,DDR4,DDR4,66,428,1000,225,ATX,Mini-ITX,1
LGA1200,LGA1200,DDR4,DDR4,120,172,850,354,ATX,ATX,1
AM5,AM4,DDR5,DDR4,143,332,450,207,Micro-ATX,Micro-ATX,0
LGA1200,LGA1200,DDR4,DDR4,155,79,1000,292,Mini-ITX,ATX,0
LGA1200,LGA1200,DDR4,DDR4,155,293,1000,281,Mini-ITX,Mini-ITX,0
LGA1700,LGA1200,DDR4,DDR4,81,404,550,327,Micro-ATX,Mini-ITX,0
LGA1200,AM4,DDR4,DDR4,65,122,1000,187,Micro-ATX,ATX,0
AM5,AM5,DDR5,DDR5,140,242,850,260,Micro-ATX,Micro-ATX,1
LGA1700,LGA1700,DDR4,DDR4,106,95,450,246,ATX,Mini-ITX,1
LGA1700,LGA1700,DDR5,DDR5,110,301,450,266,Micro-ATX,Mini-ITX,0
LGA1700,LGA1700,DDR5,DDR5,151,267,550,281,Mini-ITX,ATX,0
AM5,AM5,DDR5,DDR5,132,320,750,298,ATX,ATX,1
LGA1200,LGA1700,DDR5,DDR5,152,366,450,350,Micro-ATX,ATX,0
LGA1700,LGA1700,DDR4,DDR4,163,389,450,252,Micro-ATX,Mini-ITX,0
LGA1200,LGA1200,DDR4,DDR4,151,188,650,302,Mini-ITX,ATX,0
LGA1200,LGA1200,DDR4,DDR4,104,113,450,309,ATX,Micro-ATX,1
LGA1700,LGA1700,DDR4,DDR4,81,443,450,307,ATX,ATX,0
AM5,AM5,DDR5,DDR5,100,447,850,258,Mini-ITX,Micro-ATX,0
AM5,AM5,DDR5,DDR5,142,280,550,294,Micro-ATX,Mini-ITX,1
LGA1200,AM4,DDR4,DDR4,93,302,1000,261,Mini-ITX,ATX,0
LGA1200,AM4,DDR4,DDR4,108,402,450,232,ATX,ATX,0
LGA1700,LGA1700,DDR4,DDR4,87,426,1000,337,ATX,Micro-ATX,1
LGA1200,LGA1200,DDR4,DDR4,101,244,850,302,Micro-ATX,Micro-ATX,1
AM4,AM4,DDR5,DDR4,143,86,1000,275,Micro-ATX,Mini-ITX,0
LGA1700,LGA1700,DDR4,DDR4,160,346,850,205,ATX,ATX,1
AM4,AM4,DDR4,DDR4,77,391,550,359,ATX,Micro-ATX,0
AM5,LGA1700,DDR4,DDR4,119,359,650,275,ATX,ATX,0
LGA1700,LGA1700,DDR5,DDR4,132,388,750,206,Micro-ATX,Mini-ITX,0
LGA1200,LGA1200,DDR4,DDR4,162,328,850,239,Micro-ATX,ATX,0
AM4,AM4,DDR4,DDR4,160,392,1000,358,Mini-ITX,Mini-ITX,0
LGA1700,LGA1700,DDR4,DDR4,90,80,750,358,Mini-ITX,ATX,0
LGA1700,LGA1700,DDR5,DDR5,132,246,750,342,ATX,Mini-ITX,1
LGA1700,AM4,DDR5,DDR4,138,101,1000,240,ATX,Mini-ITX,0
AM4,AM4,DDR4,DDR4,98,400,1000,337,ATX,ATX,1
AM5,AM5,DDR5,DDR5,134,367,650,209,Micro-ATX,Mini-ITX,1
LGA1200,LGA1200,DDR5,DDR4,167,398,750,352,Micro-ATX,Micro-ATX,0
LGA1700,AM5,DDR5,DDR5,134,187,1000,244,Micro-ATX,Micro-ATX,0
LGA1200,LGA1200,DDR4,DDR4,126,333,850,319,Micro-ATX,ATX,0
AM5,AM5,DDR4,DDR5,66,290,550,336,Micro-ATX,ATX,0
AM4,AM4,DDR4,DDR4,158,318,450,254,Mini-ITX,Micro-ATX,0
LGA1700,LGA1700,DDR5,DDR5,95,250,850,331,Mini-ITX,Mini-ITX,0
AM5,AM5,DDR5,DDR5,119,240,650,319,Micro-ATX,ATX,0
AM5,AM5,DDR5,DDR5,167,130,1000,205,Micro-ATX,Mini-ITX,1
AM4,AM4,DDR4,DDR4,81,434,850,353,Micro-ATX,Micro-ATX,0
LGA1200,LGA1200,DDR4,DDR4,155,302,650,237,Mini-ITX,Mini-ITX,1
AM5,AM5,DDR5,DDR5,123,273,450,265,Mini-ITX,ATX,0
AM5,LGA1200,DDR4,DDR4,118,387,450,200,ATX,ATX,0
LGA1200,LGA1200,DDR4,DDR4,149,347,850,277,Mini-ITX,Mini-ITX,0
LGA1200,LGA1200,DDR5,DDR4,127,204,850,321,ATX,Mini-ITX,0
AM4,LGA1700,DDR5,DDR5,114,121,750,308,ATX,Micro-ATX,0
AM5,LGA1700,DDR4,DDR4,76,287,550,340,Mini-ITX,Mini-ITX,0
AM4,AM4,DDR4,DDR4,73,223,450,238,Micro-ATX,ATX,0
AM5,AM5,DDR5,DDR5,162,322,850,191,ATX,Mini-ITX,1
LGA1200,LGA1200,DDR4,DDR4,69,363,550,234,Mini-ITX,Mini-ITX,1
LGA1200,LGA1200,DDR4,DDR4,73,295,750,359,Micro-ATX,Mini-ITX,0
LGA1700,LGA1700,DDR4,DDR5,118,297,450,222,Mini-ITX,ATX,0
LGA1700,LGA1700,DDR4,DDR5,169,382,750,245,Mini-ITX,Mini-ITX,0
AM5,AM5,DDR5,DDR5,103,364,650,288,ATX,Micro-ATX,1
LGA1700,AM4,DDR5,DDR4,137,432,450,260,Mini-ITX,ATX,0
LGA1700,LGA1700,DDR4,DDR4,99,331,750,300,Mini-ITX,Micro-ATX,0
AM4,AM4,DDR4,DDR4,81,446,850,267,Mini-ITX,Micro-ATX,0
LGA1700,LGA1700,DDR4,DDR4,117,208,550,309,ATX,Micro-ATX,1
AM4,AM4,DDR4,DDR4,77,414,450,269,ATX,Mini-ITX,0
AM5,AM5,DDR5,DDR5,76,178,1000,359,Micro-ATX,Micro-ATX,0
AM5,AM5,DDR5,DDR5,87,88,750,223,Micro-ATX,Mini-ITX,1
LGA1200,AM5,DDR5,DDR5,139,351,650,338,ATX,Mini-ITX,0
LGA1200,LGA1200,DDR4,DDR4,115,196,1000,266,Micro-ATX,ATX,0
LGA1200,LGA1200,DDR4,DDR4,103,286,550,318,ATX,Mini-ITX,1
LGA1200,LGA1200,DDR4,DDR4,102,258,1000,291,Mini-ITX,Micro-ATX,0
AM5,AM5,DDR5,DDR5,66,392,450,298,Mini-ITX,Micro-ATX,0
AM4,AM4,DDR5,DDR4,155,334,550,326,Mini-ITX,ATX,0
AM4,AM4,DDR4,DDR4,150,222,450,243,Mini-ITX,Mini-ITX,0
LGA1700,LGA1700,DDR4,DDR4,120,298,750,180,Mini-ITX,Micro-ATX,0
LGA1700,LGA1700,DDR5,DDR4,111,86,750,332,Micro-ATX,Micro-ATX,0
AM4,AM5,DDR5,DDR5,132,430,750,264,Micro-ATX,Micro-ATX,0
LGA1200,AM4,DDR4,DDR4,155,173,750,324,Mini-ITX,Micro-ATX,0
AM5,LGA1200,DDR4,DDR4,122,376,750,224,Mini-ITX,Micro-ATX,0
AM4,AM4,DDR4,DDR4,161,341,1000,209,ATX,Mini-ITX,1
AM5,AM5,DDR5,DDR5,74,83,650,275,Mini-ITX,ATX,0
LGA1700,LGA1700,DDR4,DDR4,120,103,850,232,Micro-ATX,ATX,0
LGA1700,LGA1700,DDR5,DDR5,95,254,1000,200,Micro-ATX,Mini-ITX,1
AM5,AM5,DDR5,DDR5,148,335,450,208,Micro-ATX,Micro-ATX,0
AM5,LGA1200,DDR4,DDR4,169,346,1000,256,Micro-ATX,Micro-ATX,0
AM5,AM5,DDR5,DDR5,153,160,550,270,Mini-ITX,ATX,0
AM5,AM4,DDR4,DDR4,81,379,1000,247,ATX,Micro-ATX,0
LGA1200,LGA1200,DDR4,DDR4,92,214,650,357,Mini-ITX,Mini-ITX,0
LGA1200,LGA1700,DDR5,DDR5,83,183,1000,349,ATX,Micro-ATX,0
LGA1200,LGA1200,DDR5,DDR4,73,400,1000,227,Micro-ATX,Mini-ITX,0
AM5,AM5,DDR4,DDR5,155,196,550,232,Micro-ATX,Mini-ITX,0
AM4,AM4,DDR4,DDR4,169,263,750,187,Micro-ATX,Micro-ATX,1
LGA1700,LGA1700,DDR4,DDR4,148,325,1000,338,Mini-ITX,Micro-ATX,0
AM4,LGA1200,DDR4,DDR4,133,287,750,208,Mini-ITX,Micro-ATX,0
AM4,AM4,DDR4,DDR4,130,229,850,337,Micro-ATX,ATX,0
AM5,LGA1200,DDR4,DDR4,78,277,850,207,Mini-ITX,ATX,0
AM5,AM5,DDR5,DDR5,99,306,650,190,Micro-ATX,Micro-ATX,1
AM5,AM5,DDR5,DDR5,155,94,450,277,Mini-ITX,Mini-ITX,0
AM5,AM5,DDR5,DDR5,158,211,1000,310,Mini-ITX,ATX,0
LGA1200,LGA1200,DDR4,DDR4,82,222,1000,249,ATX,ATX,1
LGA1200,AM4,DDR4,DDR4,73,332,650,270,ATX,ATX,0
LGA1200,LGA1200,DDR4,DDR4,149,346,650,232,Micro-ATX,Mini-ITX,1
AM5,AM5,DDR5,DDR5,133,383,550,317,Mini-ITX,Mini-ITX,0
AM5,LGA1200,DDR4,DDR4,167,371,850,207,Micro-ATX,ATX,0
AM4,AM5,DDR4,DDR5,158,320,850,198,Mini-ITX,Micro-ATX,0
AM5,AM5,DDR5,DDR5,85,364,450,312,Mini-ITX,Micro-ATX,0
AM5,AM5,DDR5,DDR5,142,107,850,285,ATX,Micro-ATX,1
AM4,AM4,DDR4,DDR4,130,379,650,258,ATX,Mini-ITX,1
AM4,AM4,DDR4,DDR4,66,354,750,257,Micro-ATX,Mini-ITX,1
LGA1200,AM5,DDR5,DDR5,143,309,650,193,ATX,Micro-ATX,0
LGA1200,LGA1200,DDR4,DDR4,116,302,1000,315,Mini-ITX,Micro-ATX,0
LGA1700,AM4,DDR4,DDR4,107,438,450,259,Mini-ITX,Mini-ITX,0
AM5,AM5,DDR5,DDR5,93,108,850,194,Mini-ITX,Micro-ATX,0
LGA1700,LGA1700,DDR5,DDR5,69,440,550,334,ATX,ATX,0
LGA1700,LGA1700,DDR5,DDR5,111,421,650,359,ATX,ATX,1
AM4,AM4,DDR4,DDR4,87,332,450,350,ATX,ATX,0
AM5,AM5,DDR5,DDR5,143,157,750,304,Micro-ATX,ATX,0
LGA1200,LGA1200,DDR5,DDR4,70,333,1000,227,ATX,ATX,0
LGA1200,LGA1200,DDR4,DDR4,126,160,450,252,Mini-ITX,Mini-ITX,0
AM4,AM4,DDR4,DDR4,110,359,750,333,ATX,Micro-ATX,1
LGA1700,LGA1200,DDR4,DDR4,106,195,750,263,ATX,ATX,0
LGA1200,LGA1200,DDR4,DDR4,102,303,1000,293,Mini-ITX,ATX,0
AM4,AM4,DDR4,DDR4,109,424,750,276,ATX,ATX,1
LGA1700,LGA1700,DDR5,DDR5,71,157,550,352,ATX,ATX,1
AM4,AM4,DDR4,DDR4,89,161,650,322,Micro-ATX,Mini-ITX,0
AM4,AM4,DDR4,DDR4,108,245,450,228,Mini-ITX,ATX,0
LGA1200,LGA1200,DDR4,DDR4,94,175,850,185,Mini-ITX,ATX,0
AM5,AM5,DDR5,DDR5,78,86,650,274,Micro-ATX,Mini-ITX,1
LGA1700,LGA1700,DDR4,DDR4,117,362,1000,194,ATX,ATX,1
LGA1700,LGA1700,DDR4,DDR4,104,402,850,254,Mini-ITX,Mini-ITX,0
AM5,AM5,DDR5,DDR5,88,357,750,280,Mini-ITX,ATX,0
AM5,AM5,DDR5,DDR5,138,95,650,357,Mini-ITX,ATX,0
LGA1200,LGA1200,DDR4,DDR4,100,235,450,227,ATX,Mini-ITX,1
AM5,AM5,DDR5,DDR5,97,190,1000,347,ATX,Micro-ATX,1
AM5,LGA1200,DDR4,DDR4,153,408,650,218,Mini-ITX,Micro-ATX,0
AM4,AM4,DDR4,DDR4,93,385,850,281,ATX,Micro-ATX,1
AM5,AM5,DDR5,DDR5,119,122,450,311,Micro-ATX,Micro-ATX,1
AM5,AM5,DDR4,DDR5,84,252,550,181,Micro-ATX,ATX,0
AM5,AM5,DDR5,DDR5,131,403,550,270,Mini-ITX,Micro-ATX,0
AM5,AM5,DDR5,DDR5,87,277,750,353,Micro-ATX,Micro-ATX,0
LGA1700,AM4,DDR4,DDR4,88,434,650,238,Mini-ITX,Mini-ITX,0
AM4,LGA1200,DDR4,DDR4,100,393,650,309,ATX,Micro-ATX,0
LGA1200,LGA1200,DDR4,DDR4,164,367,650,257,ATX,Micro-ATX,1
AM5,AM5,DDR4,DDR5,154,302,1000,320,Mini-ITX,Micro-ATX,0
AM4,AM5,DDR5,DDR5,134,441,850,350,ATX,Mini-ITX,0
AM4,AM4,DDR4,DDR4,157,282,850,230,ATX,Mini-ITX,1
LGA1200,LGA1200,DDR4,DDR4,121,232,1000,303,Micro-ATX,Mini-ITX,1
LGA1700,AM5,DDR5,DDR5,108,179,450,311,Micro-ATX,Mini-ITX,0
LGA1700,LGA1700,DDR4,DDR4,68,228,1000,226,Mini-ITX,Micro-ATX,0
AM4,AM4,DDR4,DDR4,157,377,650,310,ATX,Micro-ATX,1
AM4,LGA1700,DDR5,DDR5,100,180,650,283,Mini-ITX,ATX,0
LGA1700,LGA1700,DDR5,DDR5,150,417,650,266,Micro-ATX,ATX,0
LGA1200,LGA1200,DDR4,DDR4,158,414,1000,310,Mini-ITX,Micro-ATX,0
LGA1700,LGA1700,DDR4,DDR4,144,170,550,325,Micro-ATX,Mini-ITX,0
LGA1200,LGA1200,DDR4,DDR4,152,363,850,259,ATX,Micro-ATX,1
AM4,AM4,DDR4,DDR4,153,104,1000,236,Micro-ATX,Mini-ITX,1
LGA1700,LGA1700,DDR4,DDR4,169,274,550,270,Mini-ITX,ATX,0
AM5,AM5,DDR4,DDR5,152,227,1000,265,Mini-ITX,Mini-ITX,0
AM4,LGA1200,DDR4,DDR4,80,411,1000,284,ATX,Micro-ATX,0
AM5,AM5,DDR5,DDR5,96,445,1000,285,ATX,ATX,1
AM4,AM4,DDR4,DDR4,146,381,450,215,Mini-ITX,Micro-ATX,0
LGA1200,LGA1200,DDR4,DDR4,79,397,450,199,Micro-ATX,ATX,0
LGA1700,AM5,DDR5,DDR5,82,126,550,226,Micro-ATX,Micro-ATX,0
AM4,AM4,DDR4,DDR4,69,88,850,310,Mini-ITX,ATX,0
LGA1200,LGA1200,DDR4,DDR4,146,367,750,272,Mini-ITX,ATX,0
AM5,AM5,DDR5,DDR5,75,423,1000,290,Mini-ITX,Micro-ATX,0
LGA1700,AM4,DDR4,DDR4,137,365,450,271,Mini-ITX,ATX,0
AM5,AM5,DDR5,DDR5,77,399,850,255,Mini-ITX,Mini-ITX,0
LGA1200,LGA1200,DDR4,DDR4,81,317,650,345,Micro-ATX,ATX,0
LGA1200,LGA1200,DDR4,DDR4,128,388,450,257,Mini-ITX,Micro-ATX,0
AM4,AM4,DDR5,DDR4,92,373,550,221,Micro-ATX,ATX,0
LGA1700,AM4,DDR4,DDR4,125,244,1000,328,ATX,Mini-ITX,0
LGA1700,LGA1700,DDR5,DDR5,159,164,750,288,Mini-ITX,Micro-ATX,0
LGA1200,LGA1200,DDR4,DDR4,141,285,650,213,Mini-ITX,Micro-ATX,0
LGA1200,LGA1200,DDR4,DDR4,118,207,850,293,ATX,Mini-ITX,1
LGA1700,LGA1200,DDR4,DDR4,68,405,850,227,Micro-ATX,Micro-ATX,0
LGA1700,LGA1700,DDR4,DDR4,146,119,1000,184,Mini-ITX,Mini-ITX,1
LGA1200,LGA1200,DDR5,DDR4,147,362,750,340,Micro-ATX,Micro-ATX,0
LGA1200,AM4,DDR5,DDR4,153,168,450,295,Mini-ITX,ATX,0
LGA1200,LGA1200,DDR4,DDR4,113,139,650,232,ATX,Micro-ATX,1
AM4,AM4,DDR4,DDR4,97,351,450,189,ATX,Mini-ITX,0
AM4,LGA1700,DDR5,DDR5,125,274,750,200,Mini-ITX,Mini-ITX,0
AM4,AM4,DDR4,DDR4,166,97,750,227,ATX,ATX,1
AM4,AM4,DDR4,DDR4,122,156,1000,328,Micro-ATX,ATX,0
LGA1200,AM5,DDR5,DDR5,72,300,1000,303,ATX,Micro-ATX,0
AM4,AM4,DDR4,DDR4,156,120,850,302,ATX,Mini-ITX,1
LGA1200,LGA1200,DDR4,DDR4,92,352,650,292,ATX,ATX,1
LGA1200,AM5,DDR4,DDR5,114,172,450,253,Micro-ATX,Micro-ATX,0
AM5,AM5,DDR5,DDR5,121,212,650,320,Micro-ATX,Mini-ITX,1
AM4,AM4,DDR4,DDR4,81,204,650,298,Micro-ATX,Micro-ATX,1
LGA1700,LGA1700,DDR5,DDR5,103,100,1000,228,Micro-ATX,Micro-ATX,1
AM5,AM5,DDR5,DDR5,115,251,1000,266,ATX,ATX,1
AM5,AM5,DDR5,DDR5,85,249,650,187,ATX,Mini-ITX,1
AM4,AM4,DDR4,DDR4,140,201,550,319,ATX,ATX,1
AM4,AM4,DDR5,DDR4,107,342,650,353,Mini-ITX,Mini-ITX,0
LGA1700,LGA1700,DDR5,DDR5,77,253,850,235,Micro-ATX,ATX,0
AM5,AM5,DDR5,DDR5,158,353,550,339,Micro-ATX,Micro-ATX,0
LGA1700,LGA1700,DDR5,DDR5,156,239,650,195,Micro-ATX,Micro-ATX,1
LGA1700,LGA1700,DDR5,DDR5,116,402,750,322,Mini-ITX,Micro-ATX,0
LGA1200,AM4,DDR4,DDR4,68,178,1000,202,ATX,Micro-ATX,0
AM5,LGA1700,DDR4,DDR4,87,298,1000,288,Micro-ATX,ATX,0
LGA1700,LGA1700,DDR4,DDR4,140,151,650,267,ATX,Micro-ATX,1
AM4,AM4,DDR4,DDR4,111,120,550,184,Mini-ITX,Mini-ITX,1
LGA1200,LGA1200,DDR4,DDR4,96,259,850,229,ATX,Mini-ITX,1
AM4,AM5,DDR5,DDR5,80,438,1000,318,ATX,Mini-ITX,0
LGA1700,LGA1700,DDR5,DDR5,143,261,550,326,ATX,Mini-ITX,1
AM5,AM5,DDR5,DDR5,85,161,650,285,Mini-ITX,Micro-ATX,0
AM5,AM4,DDR4,DDR4,111,270,1000,214,Micro-ATX,ATX,0
AM4,LGA1700,DDR4,DDR4,163,370,1000,326,ATX,Micro-ATX,0
LGA1700,AM5,DDR5,DDR5,148,158,550,252,ATX,Micro-ATX,0
AM5,LGA1700,DDR4,DDR4,108,321,1000,247,ATX,ATX,0
AM4,AM5,DDR5,DDR5,165,442,650,352,Micro-ATX,ATX,0
LGA1200,AM5,DDR4,DDR5,153,306,850,185,Micro-ATX,ATX,0
LGA1700,AM4,DDR4,DDR4,69,343,1000,180,Micro-ATX,Mini-ITX,0
AM4,AM5,DDR5,DDR5,169,370,550,293,ATX,Micro-ATX,0
LGA1200,LGA1200,DDR5,DDR4,122,88,450,298,Mini-ITX,Mini-ITX,0
AM4,AM4,DDR4,DDR4,159,328,850,210,Micro-ATX,ATX,0
LGA1200,LGA1200,DDR4,DDR4,114,364,550,252,Micro-ATX,Micro-ATX,0
LGA1700,AM5,DDR5,DDR5,106,446,650,241,Micro-ATX,Micro-ATX,0
LGA1200,LGA1200,DDR4,DDR4,87,378,450,280,Micro-ATX,ATX,0
LGA1700,LGA1700,DDR5,DDR5,119,320,750,311,Mini-ITX,ATX,0
LGA1200,LGA1200,DDR4,DDR4,87,444,850,209,Mini-ITX,Mini-ITX,1
LGA1700,LGA1700,DDR5,DDR5,89,234,750,209,Micro-ATX,Mini-ITX,1
LGA1700,LGA1700,DDR5,DDR5,66,282,850,311,ATX,Mini-ITX,1
AM5,AM5,DDR5,DDR5,81,347,450,242,Micro-ATX,Mini-ITX,0
LGA1700,LGA1700,DDR4,DDR4,148,277,850,208,Micro-ATX,Micro-ATX,1
LGA1700,AM4,DDR4,DDR4,127,145,450,358,ATX,ATX,0
AM5,AM5,DDR5,DDR5,123,431,450,283,ATX,Mini-ITX,0
AM4,AM4,DDR4,DDR4,83,245,550,188,ATX,Mini-ITX,1
LGA1700,LGA1700,DDR5,DDR5,75,258,750,282,Micro-ATX,Mini-ITX,1
AM4,LGA1700,DDR5,DDR5,68,281,650,302,Mini-ITX,Mini-ITX,0
AM4,AM4,DDR4,DDR4,144,285,550,244,ATX,Mini-ITX,1
LGA1200,AM5,DDR5,DDR5,80,180,550,208,Mini-ITX,ATX,0
LGA1200,LGA1200,DDR4,DDR4,73,432,1000,298,ATX,Mini-ITX,1
LGA1700,LGA1700,DDR4,DDR4,160,126,550,331,Micro-ATX,Mini-ITX,0
LGA1200,LGA1200,DDR4,DDR4,77,425,850,243,ATX,Mini-ITX,1
AM5,AM4,DDR4,DDR4,119,132,1000,313,Micro-ATX,Mini-ITX,0
AM5,AM5,DDR5,DDR5,142,394,850,355,Micro-ATX,Mini-ITX,0
AM4,LGA1200,DDR4,DDR4,130,400,1000,223,ATX,Mini-ITX,0
LGA1200,LGA1200,DDR4,DDR4,134,439,550,320,ATX,ATX,0
LGA1700,LGA1200,DDR4,DDR4,78,383,550,273,Mini-ITX,ATX,0
LGA1200,LGA1200,DDR4,DDR4,112,133,550,266,ATX,Micro-ATX,1
LGA1200,LGA1200,DDR4,DDR4,66,258,650,289,Mini-ITX,ATX,0
AM4,AM4,DDR4,DDR4,106,274,450,228,ATX,Mini-ITX,0
LGA1200,LGA1200,DDR4,DDR4,134,421,550,276,Mini-ITX,ATX,0
AM5,AM5,DDR5,DDR5,102,105,850,286,Micro-ATX,Micro-ATX,1
LGA1700,AM5,DDR5,DDR5,90,126,850,283,ATX,Mini-ITX,0
AM4,AM4,DDR4,DDR4,160,300,650,275,Micro-ATX,Micro-ATX,1
LGA1700,LGA1700,DDR5,DDR5,167,237,750,207,Micro-ATX,ATX,0
LGA1200,LGA1200,DDR4,DDR4,141,427,850,213,ATX,ATX,1
LGA1200,LGA1200,DDR4,DDR4,122,313,450,249,Mini-ITX,Mini-ITX,0
AM4,LGA1700,DDR4,DDR4,116,287,450,216,Mini-ITX,Micro-ATX,0
AM5,AM5,DDR5,DDR5,89,375,650,190,ATX,Mini-ITX,1
AM5,AM5,DDR4,DDR5,141,244,550,323,ATX,Mini-ITX,0
AM4,AM4,DDR4,DDR4,143,224,750,354,Micro-ATX,Mini-ITX,0
AM5,AM5,DDR5,DDR5,73,383,450,207,Micro-ATX,ATX,0
AM4,AM4,DDR4,DDR4,73,326,650,183,Mini-ITX,Mini-ITX,1
LGA1700,LGA1700,DDR4,DDR4,141,269,650,255,ATX,Micro-ATX,1
AM4,AM4,DDR4,DDR4,100,186,850,354,Micro-ATX,Mini-ITX,0
LGA1700,AM4,DDR4,DDR4,121,241,450,265,Micro-ATX,Micro-ATX,0
LGA1700,LGA1700,DDR4,DDR4,95,100,750,222,Mini-ITX,Mini-ITX,1
AM5,AM5,DDR5,DDR5,113,126,1000,198,Mini-ITX,Mini-ITX,1
LGA1700,LGA1700,DDR4,DDR4,103,140,850,294,Micro-ATX,Micro-ATX,1
LGA1200,LGA1200,DDR4,DDR4,110,410,650,329,Micro-ATX,Mini-ITX,0
LGA1700,AM5,DDR4,DDR5,156,222,550,238,ATX,ATX,0
AM5,AM4,DDR4,DDR4,105,200,750,225,ATX,Mini-ITX,0
AM4,LGA1200,DDR4,DDR4,104,245,450,224,Mini-ITX,Mini-ITX,0
AM5,AM4,DDR5,DDR4,139,308,850,296,Micro-ATX,Micro-ATX,0
AM5,AM5,DDR5,DDR5,165,354,450,265,Micro-ATX,Mini-ITX,0
LGA1200,LGA1200,DDR4,DDR4,157,313,650,242,ATX,Mini-ITX,1
LGA1700,LGA1200,DDR4,DDR4,140,216,1000,299,Micro-ATX,Micro-ATX,0
LGA1200,AM4,DDR4,DDR4,140,178,850,327,ATX,ATX,0
AM5,AM5,DDR5,DDR5,83,115,850,215,ATX,Mini-ITX,1
AM4,LGA1700,DDR5,DDR5,151,448,850,195,Micro-ATX,Micro-ATX,0
AM5,AM4,DDR4,DDR4,162,189,1000,306,ATX,ATX,0
LGA1200,LGA1200,DDR4,DDR4,69,381,1000,272,ATX,ATX,1
LGA1200,LGA1200,DDR4,DDR4,105,349,450,187,Mini-ITX,ATX,0
AM4,AM4,DDR4,DDR4,135,304,1000,338,Mini-ITX,Micro-ATX,0
LGA1700,LGA1700,DDR5,DDR5,119,108,1000,263,Micro-ATX,ATX,0
AM4,AM4,DDR4,DDR4,73,446,850,267,Mini-ITX,Micro-ATX,0
AM5,AM5,DDR5,DDR5,164,148,750,198,Micro-ATX,Mini-ITX,1
AM5,AM4,DDR4,DDR4,153,276,1000,337,Micro-ATX,Mini-ITX,0
AM4,AM4,DDR4,DDR4,86,376,1000,182,Micro-ATX,Micro-ATX,1
AM4,LGA1700,DDR5,DDR5,153,193,1000,296,ATX,Mini-ITX,0
AM4,AM4,DDR4,DDR4,143,119,450,301,ATX,ATX,1
AM5,AM5,DDR5,DDR5,126,111,550,214,ATX,ATX,1
LGA1700,AM4,DDR4,DDR4,169,188,1000,359,Micro-ATX,ATX,0
LGA1200,LGA1200,DDR4,DDR4,104,102,650,324,ATX,ATX,1
LGA1200,LGA1200,DDR4,DDR4,82,287,1000,311,ATX,ATX,1
AM4,AM4,DDR4,DDR4,160,136,650,342,ATX,Mini-ITX,1
LGA1700,LGA1700,DDR4,DDR4,87,318,450,215,ATX,ATX,0
LGA1200,LGA1200,DDR4,DDR4,96,109,550,327,Micro-ATX,Mini-ITX,0
LGA1700,LGA1700,DDR5,DDR5,147,120,450,323,Micro-ATX,Micro-ATX,0
AM4,AM4,DDR5,DDR4,157,161,850,331,ATX,ATX,0
AM4,AM4,DDR4,DDR4,147,411,850,210,Micro-ATX,ATX,0
AM4,AM4,DDR4,DDR4,124,312,550,188,Micro-ATX,ATX,0
AM4,AM4,DDR4,DDR4,95,405,850,259,ATX,Micro-ATX,1
LGA1200,AM4,DDR4,DDR4,76,306,550,282,Mini-ITX,ATX,0
AM4,AM4,DDR4,DDR4,134,305,450,287,Micro-ATX,ATX,0
LGA1700,LGA1700,DDR4,DDR5,163,170,650,197,Mini-ITX,ATX,0
LGA1200,LGA1200,DDR4,DDR4,163,168,1000,202,Micro-ATX,Mini-ITX,1
LGA1200,LGA1200,DDR4,DDR4,130,235,550,327,ATX,ATX,1
AM4,AM4,DDR5,DDR4,144,247,850,228,Micro-ATX,ATX,0
LGA1200,AM4,DDR4,DDR4,92,280,650,330,ATX,Micro-ATX,0
AM4,AM4,DDR4,DDR4,155,156,1000,344,Mini-ITX,Micro-ATX,0
LGA1700,LGA1700,DDR4,DDR5,145,389,1000,275,Micro-ATX,Mini-ITX,0
LGA1700,LGA1700,DDR4,DDR5,130,93,450,186,Micro-ATX,Mini-ITX,0
AM5,AM4,DDR4,DDR4,135,212,550,232,ATX,Micro-ATX,0
LGA1200,LGA1200,DDR4,DDR4,110,201,850,330,Mini-ITX,ATX,0
LGA1700,LGA1700,DDR5,DDR4,100,284,450,200,Mini-ITX,Mini-ITX,0
LGA1200,LGA1200,DDR4,DDR4,115,425,650,295,Micro-ATX,Mini-ITX,1
AM4,AM4,DDR4,DDR4,73,331,1000,232,Micro-ATX,Micro-ATX,1
AM4,AM4,DDR5,DDR4,149,102,650,292,ATX,Mini-ITX,0
AM4,LGA1200,DDR4,DDR4,102,247,450,301,Micro-ATX,ATX,0
AM5,AM5,DDR5,DDR5,123,205,650,246,Micro-ATX,ATX,0
AM5,AM5,DDR5,DDR5,129,119,550,342,Mini-ITX,ATX,0
LGA1200,LGA1200,DDR5,DDR4,154,345,550,345,Mini-ITX,Mini-ITX,0
AM5,AM5,DDR5,DDR5,138,294,650,300,Mini-ITX,Micro-ATX,0
LGA1200,LGA1200,DDR4,DDR4,164,201,450,302,Micro-ATX,Micro-ATX,1
LGA1700,LGA1700,DDR4,DDR4,118,333,450,230,ATX,Micro-ATX,0
AM5,AM5,DDR4,DDR5,102,119,1000,203,ATX,Micro-ATX,0
LGA1700,LGA1700,DDR4,DDR4,84,228,450,332,Micro-ATX,Micro-ATX,0
LGA1700,LGA1700,DDR5,DDR5,147,251,650,309,Micro-ATX,Mini-ITX,1
AM4,AM4,DDR4,DDR4,69,427,450,276,Mini-ITX,Micro-ATX,0
AM5,AM5,DDR5,DDR5,123,79,850,315,ATX,Micro-ATX,1
LGA1700,AM4,DDR4,DDR4,125,136,650,309,Micro-ATX,Micro-ATX,0
LGA1700,LGA1700,DDR4,DDR4,169,364,550,305,ATX,ATX,0
AM5,AM5,DDR4,DDR5,106,378,450,335,Micro-ATX,ATX,0
LGA1200,LGA1700,DDR5,DDR5,82,99,450,304,Micro-ATX,ATX,0
AM5,AM5,DDR5,DDR5,73,369,1000,334,Mini-ITX,Mini-ITX,0
LGA1200,LGA1200,DDR5,DDR4,66,231,650,333,ATX,Mini-ITX,0
AM5,AM5,DDR5,DDR5,137,315,550,335,ATX,ATX,1
AM4,AM4,DDR4,DDR4,161,405,550,296,ATX,Mini-ITX,0
LGA1700,LGA1700,DDR4,DDR4,158,395,750,201,Mini-ITX,Mini-ITX,1
LGA1200,LGA1200,DDR4,DDR4,88,132,650,354,ATX,ATX,1
LGA1200,LGA1200,DDR4,DDR4,97,80,650,358,Mini-ITX,Micro-ATX,0
LGA1700,LGA1700,DDR5,DDR5,80,110,850,188,Mini-ITX,Mini-ITX,1
AM4,AM4,DDR4,DDR4,136,108,450,230,Mini-ITX,Micro-ATX,0
AM5,AM4,DDR4,DDR4,150,314,750,265,Micro-ATX,Micro-ATX,0
LGA1700,AM5,DDR5,DDR5,144,315,550,330,Mini-ITX,Micro-ATX,0
LGA1200,LGA1200,DDR4,DDR4,88,293,850,235,Mini-ITX,ATX,0
LGA1700,LGA1700,DDR5,DDR5,146,97,1000,354,Mini-ITX,ATX,0
AM5,AM5,DDR5,DDR5,139,201,850,276,Mini-ITX,ATX,0
AM5,AM4,DDR4,DDR4,124,358,550,267,ATX,Mini-ITX,0
LGA1200,LGA1700,DDR4,DDR5,65,226,850,322,Mini-ITX,Micro-ATX,0
LGA1200,LGA1200,DDR4,DDR4,89,246,550,359,Micro-ATX,Mini-ITX,0
AM4,AM4,DDR4,DDR4,132,363,850,331,Micro-ATX,Mini-ITX,0
LGA1700,LGA1700,DDR5,DDR5,71,227,850,200,Mini-ITX,ATX,0
LGA1200,LGA1200,DDR4,DDR4,111,80,850,196,ATX,Micro-ATX,1
LGA1200,LGA1700,DDR4,DDR4,128,213,550,287,ATX,Mini-ITX,0
LGA1700,LGA1700,DDR4,DDR4,136,295,550,316,Micro-ATX,Micro-ATX,1
AM4,LGA1700,DDR4,DDR4,68,252,750,268,Mini-ITX,Mini-ITX,0
AM5,LGA1700,DDR5,DDR5,84,235,750,203,Micro-ATX,Micro-ATX,0
LGA1200,LGA1200,DDR4,DDR4,70,439,1000,197,Micro-ATX,ATX,0
AM5,AM5,DDR5,DDR5,124,207,1000,320,ATX,Micro-ATX,1
AM5,AM5,DDR5,DDR5,85,384,550,190,Micro-ATX,Mini-ITX,0
LGA1200,LGA1200,DDR4,DDR4,108,272,650,329,Mini-ITX,Micro-ATX,0
AM4,AM4,DDR4,DDR4,102,139,650,205,ATX,ATX,1
LGA1700,LGA1700,DDR5,DDR5,85,125,1000,264,Micro-ATX,Micro-ATX,1
LGA1700,AM4,DDR4,DDR4,130,218,750,283,ATX,Mini-ITX,0
LGA1700,LGA1700,DDR5,DDR5,161,313,550,190,Micro-ATX,ATX,0
AM4,AM4,DDR4,DDR4,145,200,850,187,Micro-ATX,Micro-ATX,1
AM5,AM5,DDR5,DDR5,108,291,650,180,Mini-ITX,ATX,0
LGA1200,LGA1200,DDR4,DDR4,66,243,650,209,Micro-ATX,ATX,0
AM5,AM5,DDR5,DDR5,153,380,550,232,Mini-ITX,ATX,0
AM4,AM4,DDR4,DDR4,121,219,650,205,Micro-ATX,ATX,0
LGA1200,AM4,DDR4,DDR4,107,364,1000,311,Micro-ATX,Micro-ATX,0
LGA1200,AM4,DDR4,DDR4,92,437,450,333,Mini-ITX,Micro-ATX,0
AM5,AM5,DDR5,DDR5,124,384,850,315,ATX,ATX,1
AM5,AM5,DDR4,DDR5,135,342,650,278,Micro-ATX,Mini-ITX,0
LGA1200,LGA1200,DDR4,DDR4,137,272,550,325,Mini-ITX,Micro-ATX,0
LGA1200,LGA1200,DDR4,DDR4,126,306,450,265,Mini-ITX,Mini-ITX,0
AM5,AM5,DDR5,DDR5,135,237,550,283,Micro-ATX,Mini-ITX,1
LGA1200,LGA1200,DDR4,DDR4,135,291,450,333,Micro-ATX,Micro-ATX,0
LGA1200,LGA1200,DDR4,DDR4,81,115,850,181,Mini-ITX,Mini-ITX,1
LGA1700,LGA1700,DDR4,DDR4,67,285,650,319,Micro-ATX,Mini-ITX,1
AM4,AM4,DDR4,DDR4,98,106,650,221,ATX,ATX,1
LGA1700,AM4,DDR4,DDR4,161,404,550,270,ATX,Micro-ATX,0
AM5,AM5,DDR4,DDR5,73,242,650,298,Mini-ITX,Micro-ATX,0
LGA1700,LGA1700,DDR4,DDR4,113,398,650,237,Micro-ATX,Micro-ATX,1
LGA1700,LGA1700,DDR4,DDR4,123,274,750,222,Micro-ATX,Mini-ITX,1
LGA1700,AM4,DDR4,DDR4,104,394,550,212,Micro-ATX,Micro-ATX,0
AM5,AM5,DDR5,DDR5,166,142,450,248,ATX,Micro-ATX,1
AM5,AM5,DDR5,DDR5,81,420,550,317,Mini-ITX,Mini-ITX,0
LGA1700,LGA1700,DDR5,DDR5,70,214,1000,217,Micro-ATX,Mini-ITX,1
AM5,AM5,DDR5,DDR5,136,186,550,227,Micro-ATX,ATX,0
AM5,LGA1700,DDR5,DDR5,93,356,450,342,Micro-ATX,Mini-ITX,0
AM4,AM4,DDR4,DDR4,116,428,850,221,Mini-ITX,Micro-ATX,0
AM5,AM5,DDR5,DDR5,156,107,1000,225,Micro-ATX,ATX,0
LGA1200,LGA1200,DDR4,DDR4,118,136,750,186,ATX,Micro-ATX,1
LGA1700,LGA1700,DDR4,DDR5,122,85,1000,241,Mini-ITX,Micro-ATX,0
AM5,AM5,DDR5,DDR5,103,327,750,313,Micro-ATX,Mini-ITX,1
LGA1200,LGA1200,DDR4,DDR4,137,164,450,186,Micro-ATX,Mini-ITX,1
AM5,AM5,DDR5,DDR5,142,84,550,322,Mini-ITX,Mini-ITX,0
AM5,AM5,DDR5,DDR5,86,261,1000,228,Mini-ITX,ATX,0
AM5,AM5,DDR5,DDR5,135,349,750,295,Micro-ATX,Mini-ITX,1
LGA1200,LGA1200,DDR4,DDR4,164,252,850,311,ATX,Micro-ATX,1
AM4,AM4,DDR4,DDR4,97,189,1000,321,Micro-ATX,ATX,0
LGA1700,LGA1700,DDR4,DDR4,73,386,450,213,Mini-ITX,Mini-ITX,0
LGA1700,LGA1700,DDR4,DDR5,91,181,850,342,Micro-ATX,ATX,0
AM4,AM4,DDR4,DDR4,65,328,1000,221,Mini-ITX,Micro-ATX,0
LGA1700,LGA1700,DDR5,DDR5,136,444,850,260,Mini-ITX,Mini-ITX,0
LGA1700,LGA1700,DDR5,DDR5,114,431,550,301,Micro-ATX,ATX,0
AM5,AM5,DDR4,DDR5,144,313,650,211,Mini-ITX,ATX,0
LGA1200,AM5,DDR5,DDR5,68,281,650,237,Mini-ITX,Micro-ATX,0
LGA1700,LGA1700,DDR5,DDR4,149,281,550,342,Micro-ATX,Mini-ITX,0
AM4,AM5,DDR5,DDR5,129,134,650,358,Micro-ATX,Micro-ATX,0
AM4,AM5,DDR5,DDR5,71,163,550,194,Mini-ITX,Micro-ATX,0
LGA1700,LGA1700,DDR4,DDR4,99,238,750,275,ATX,Micro-ATX,1
LGA1700,LGA1700,DDR5,DDR5,112,176,550,258,ATX,ATX,1
AM4,AM4,DDR4,DDR4,120,158,1000,209,Micro-ATX,Mini-ITX,1
AM4,AM4,DDR4,DDR4,112,216,650,292,ATX,Mini-ITX,1
AM5,AM5,DDR5,DDR5,98,126,550,344,ATX,Mini-ITX,1
AM5,AM4,DDR4,DDR4,162,111,1000,211,Mini-ITX,Mini-ITX,0
AM4,AM4,DDR4,DDR4,129,269,550,245,Micro-ATX,ATX,0
AM5,AM5,DDR5,DDR5,139,351,450,347,Mini-ITX,Mini-ITX,0
LGA1700,LGA1700,DDR5,DDR5,117,363,650,265,ATX,Mini-ITX,1
LGA1700,LGA1700,DDR5,DDR5,65,335,550,256,Micro-ATX,Micro-ATX,1
LGA1700,LGA1700,DDR4,DDR4,107,361,750,185,Mini-ITX,Mini-ITX,1
LGA1200,AM5,DDR5,DDR5,77,283,850,287,Mini-ITX,Mini-ITX,0
AM4,AM4,DDR4,DDR4,74,271,550,189,Micro-ATX,Micro-ATX,1
AM5,AM5,DDR5,DDR5,81,286,750,234,Micro-ATX,Micro-ATX,1
AM4,AM4,DDR4,DDR4,97,226,1000,296,Micro-ATX,ATX,0
AM5,AM5,DDR5,DDR5,161,402,650,299,ATX,Mini-ITX,0
AM4,LGA1700,DDR5,DDR5,130,156,1000,180,Mini-ITX,ATX,0
AM4,AM4,DDR4,DDR4,73,202,1000,274,Mini-ITX,ATX,0
LGA1700,LGA1700,DDR4,DDR5,106,316,450,307,Mini-ITX,Micro-ATX,0
AM5,LGA1200,DDR4,DDR4,157,182,550,181,ATX,Micro-ATX,0
AM4,LGA1700,DDR5,DDR5,129,332,650,345,Mini-ITX,ATX,0
AM4,AM4,DDR4,DDR4,157,135,1000,268,Micro-ATX,ATX,0
LGA1700,LGA1700,DDR5,DDR5,129,367,450,265,ATX,Mini-ITX,0
LGA1200,LGA1200,DDR4,DDR4,132,445,550,345,Mini-ITX,Mini-ITX,0
LGA1700,LGA1700,DDR5,DDR4,138,122,1000,209,ATX,Micro-ATX,0
AM4,AM4,DDR4,DDR4,128,99,450,259,Mini-ITX,ATX,0
AM5,AM5,DDR4,DDR5,126,345,550,343,ATX,ATX,0
LGA1700,AM5,DDR5,DDR5,149,217,1000,357,Micro-ATX,Mini-ITX,0
LGA1700,LGA1700,DDR5,DDR5,129,243,550,261,Micro-ATX,ATX,0
LGA1700,LGA1700,DDR5,DDR5,109,396,1000,319,ATX,ATX,1
AM5,AM5,DDR5,DDR5,129,209,450,227,Micro-ATX,Mini-ITX,1
LGA1200,AM5,DDR5,DDR5,102,352,450,239,Mini-ITX,ATX,0
LGA1200,AM5,DDR5,DDR5,117,391,750,270,Micro-ATX,Mini-ITX,0
AM5,AM5,DDR5,DDR5,153,217,450,346,Mini-ITX,Mini-ITX,0
LGA1700,LGA1700,DDR5,DDR5,126,227,850,190,Micro-ATX,Micro-ATX,1
AM5,AM4,DDR5,DDR4,95,117,750,350,Micro-ATX,Mini-ITX,0
AM4,AM4,DDR4,DDR4,146,187,450,282,Micro-ATX,Micro-ATX,1
AM4,AM4,DDR4,DDR4,162,96,750,240,ATX,Micro-ATX,1
AM4,AM4,DDR4,DDR4,138,255,1000,276,Mini-ITX,Mini-ITX,0
AM4,AM4,DDR4,DDR4,69,434,550,244,Mini-ITX,ATX,0
AM4,LGA1700,DDR5,DDR5,90,430,650,314,ATX,Mini-ITX,0
AM5,LGA1200,DDR4,DDR4,143,227,850,283,Micro-ATX,ATX,0
AM5,AM4,DDR4,DDR4,77,356,450,262,Mini-ITX,Micro-ATX,0
LGA1700,LGA1700,DDR4,DDR5,90,120,650,248,ATX,Mini-ITX,0
LGA1700,LGA1700,DDR5,DDR5,141,429,1000,253,ATX,Mini-ITX,1
LGA1700,LGA1200,DDR4,DDR4,124,254,750,226,ATX,ATX,0
LGA1700,LGA1700,DDR4,DDR4,80,312,550,234,Mini-ITX,ATX,0
AM4,AM4,DDR4,DDR4,102,358,850,211,Micro-ATX,Mini-ITX,1
LGA1700,LGA1700,DDR5,DDR5,83,419,550,185,Micro-ATX,Micro-ATX,0
AM5,LGA1200,DDR4,DDR4,78,160,450,239,Micro-ATX,Mini-ITX,0
LGA1200,LGA1200,DDR4,DDR4,138,324,850,278,Micro-ATX,Micro-ATX,1
LGA1200,LGA1200,DDR4,DDR4,77,184,1000,266,Mini-ITX,ATX,0
AM5,AM5,DDR5,DDR5,72,324,850,351,ATX,Micro-ATX,1
AM5,AM5,DDR5,DDR5,126,274,1000,332,ATX,Micro-ATX,1
AM5,AM5,DDR5,DDR5,151,119,650,184,Micro-ATX,Mini-ITX,1
LGA1700,LGA1700,DDR4,DDR4,88,187,550,340,ATX,Mini-ITX,1
LGA1700,LGA1700,DDR4,DDR4,82,235,850,292,ATX,ATX,1
AM4,AM4,DDR4,DDR4,158,419,850,211,ATX,ATX,1
LGA1700,LGA1700,DDR4,DDR4,97,86,450,328,Micro-ATX,Mini-ITX,0
LGA1200,LGA1200,DDR5,DDR4,157,221,650,311,Micro-ATX,Mini-ITX,0
AM4,AM5,DDR4,DDR5,155,169,650,309,Mini-ITX,Micro-ATX,0
AM5,LGA1700,DDR4,DDR4,123,117,1000,309,ATX,Micro-ATX,0
AM5,LGA1200,DDR4,DDR4,107,378,650,302,ATX,Micro-ATX,0
LGA1700,LGA1700,DDR4,DDR4,109,269,550,277,Mini-ITX,Micro-ATX,0
LGA1700,LGA1700,DDR5,DDR5,149,106,850,332,Micro-ATX,ATX,0
AM4,AM4,DDR5,DDR4,66,163,450,279,Mini-ITX,Micro-ATX,0
LGA1700,LGA1700,DDR4,DDR4,83,89,450,189,ATX,Micro-ATX,1
AM4,AM4,DDR4,DDR4,111,328,1000,322,Micro-ATX,Micro-ATX,0
AM5,AM4,DDR4,DDR4,72,169,450,264,ATX,Mini-ITX,0
LGA1700,AM5,DDR5,DDR5,122,114,750,208,Mini-ITX,Mini-ITX,0
AM4,AM4,DDR5,DDR4,83,264,1000,201,ATX,Mini-ITX,0
AM4,AM4,DDR4,DDR4,119,253,1000,236,Micro-ATX,Micro-ATX,1
AM4,AM4,DDR4,DDR4,78,447,550,187,ATX,ATX,0
LGA1700,LGA1700,DDR4,DDR5,82,116,550,207,Mini-ITX,Mini-ITX,0
LGA1700,AM4,DDR4,DDR4,128,273,650,230,ATX,Micro-ATX,0
LGA1200,LGA1200,DDR5,DDR4,123,385,850,307,Micro-ATX,ATX,0
AM4,LGA1700,DDR4,DDR4,111,124,650,352,ATX,ATX,0
LGA1200,LGA1200,DDR4,DDR4,89,95,550,206,ATX,Micro-ATX,1
LGA1200,LGA1200,DDR4,DDR4,166,293,650,272,ATX,Micro-ATX,1
AM5,AM5,DDR4,DDR5,161,338,850,287,Mini-ITX,Micro-ATX,0
LGA1200,LGA1200,DDR4,DDR4,69,86,450,224,Micro-ATX,ATX,0
AM5,AM5,DDR5,DDR5,96,276,450,336,Mini-ITX,Micro-ATX,0
AM5,AM5,DDR5,DDR5,71,386,750,235,Mini-ITX,ATX,0
AM5,AM5,DDR5,DDR5,164,272,550,302,Micro-ATX,Mini-ITX,1
LGA1200,LGA1200,DDR4,DDR4,144,357,850,183,Micro-ATX,ATX,0
LGA1200,LGA1200,DDR4,DDR4,121,304,650,293,Micro-ATX,Micro-ATX,1
AM5,AM5,DDR4,DDR5,139,209,750,245,Mini-ITX,Mini-ITX,0
LGA1700,LGA1700,DDR4,DDR4,153,367,750,358,Mini-ITX,ATX,0
AM5,AM4,DDR4,DDR4,82,431,750,325,ATX,Micro-ATX,0
LGA1700,LGA1700,DDR5,DDR5,65,342,750,292,Mini-ITX,ATX,0
AM4,AM4,DDR4,DDR4,70,241,750,198,Mini-ITX,Mini-ITX,1
LGA1700,AM4,DDR4,DDR4,124,336,1000,203,ATX,ATX,0
AM5,AM5,DDR5,DDR5,102,432,550,300,ATX,ATX,0
LGA1200,LGA1200,DDR4,DDR4,146,209,650,234,Mini-ITX,Micro-ATX,0
LGA1200,LGA1200,DDR4,DDR4,130,97,450,322,ATX,ATX,1
LGA1200,LGA1200,DDR4,DDR4,152,245,1000,308,ATX,ATX,1
LGA1200,LGA1200,DDR5,DDR4,159,182,1000,310,Micro-ATX,Micro-ATX,0
LGA1200,LGA1200,DDR5,DDR4,96,357,750,285,ATX,ATX,0
LGA1700,AM5,DDR4,DDR5,79,387,550,296,ATX,ATX,0
AM4,AM4,DDR4,DDR4,74,116,1000,265,Mini-ITX,Mini-ITX,0
AM5,AM5,DDR5,DDR5,144,152,450,311,Mini-ITX,Micro-ATX,0
AM4,AM4,DDR4,DDR4,130,133,650,356,Micro-ATX,ATX,0
AM4,AM4,DDR4,DDR4,71,88,650,312,Mini-ITX,Mini-ITX,0
AM5,AM5,DDR5,DDR5,148,219,850,350,ATX,Mini-ITX,1
AM4,AM4,DDR4,DDR4,142,86,1000,181,Mini-ITX,ATX,0
LGA1700,LGA1700,DDR5,DDR5,72,321,450,314,Micro-ATX,Micro-ATX,0
AM4,AM4,DDR4,DDR4,92,298,550,279,Micro-ATX,ATX,0
AM4,LGA1700,DDR4,DDR4,97,218,650,292,Mini-ITX,Micro-ATX,0
AM5,LGA1700,DDR4,DDR5,129,405,850,322,ATX,ATX,0
LGA1700,AM4,DDR4,DDR4,109,434,450,232,Mini-ITX,Mini-ITX,0
AM4,LGA1200,DDR4,DDR4,86,126,850,302,ATX,Micro-ATX,0
LGA1200,LGA1200,DDR4,DDR4,131,128,850,255,ATX,Micro-ATX,1
AM5,AM5,DDR5,DDR5,167,101,450,263,ATX,Mini-ITX,1
AM5,LGA1200,DDR4,DDR4,104,270,1000,249,ATX,Micro-ATX,0
AM4,AM4,DDR4,DDR4,115,141,650,357,Mini-ITX,Mini-ITX,0
AM4,AM4,DDR4,DDR4,145,352,1000,221,Micro-ATX,Micro-ATX,1
AM4,AM4,DDR4,DDR4,70,80,750,225,Micro-ATX,Micro-ATX,1
AM5,AM5,DDR5,DDR5,113,363,550,195,Micro-ATX,Mini-ITX,0
AM4,AM4,DDR4,DDR4,76,321,650,185,Mini-ITX,Micro-ATX,0
